file,json_path,context
data/checklists/ad-tracking/ad-tracking-targeted-advertising-privacy-hardening-checklist.json,sections[0].items[4].howTo,Use Ctrl+Shift+N (Chrome) or Ctrl+Shift+P (Firefox) for private windows. Consider Incognito Browser for enhanced privacy protection.
data/checklists/ad-tracking/ad-tracking-targeted-advertising-privacy-hardening-checklist.json,pro_tips[2],Consider using Incognito Browser or other privacy-focused browsers that block tracking by default instead of relying on browser extensions.
data/checklists/ad-tracking/ad-tracking-targeted-advertising-security-checklist.json,sections[0].items[4].howTo,Use Ctrl+Shift+N for Chrome incognito or Ctrl+Shift+P for Firefox private browsing. Consider Incognito Browser for enhanced privacy protection with built-in ad blocking.
data/checklists/ad-tracking/ad-tracking-targeted-advertising-security-checklist.json,sections[1].items[1].howTo,"Download browsers like Incognito Browser, Firefox with strict settings, or Brave. These block trackers by default and don't send data to advertising companies."
data/checklists/ad-tracking/ad-tracking-targeted-advertising-security-checklist.json,sections[3].items[4].howTo,Firefox: about:config > privacy.resistFingerprinting = true. Use browsers like Incognito Browser or Tor Browser that have built-in fingerprinting protection.
data/checklists/ad-tracking/ad-tracking-targeted-advertising-security-checklist.json,pro_tips[3],Consider using Incognito Browser as your daily driver - it comes with built-in ad blocking and tracking protection enabled by default.
data/checklists/ad-tracking/ad-tracking-targeted-advertising-security-checklist.json,relatedLinks[1].title,Incognito Browser - Privacy Browser
data/checklists/ai-privacy/ai-machine-learning-privacy-privacy-hardening-checklist.json,sections[0].items[4].howTo,Use Incognito Browser or similar privacy-focused browsers when accessing AI tools. Enable strict tracking protection and disable third-party cookies.
data/checklists/ai-privacy/ai-machine-learning-privacy-privacy-hardening-checklist.json,pro_tips[3],Use Incognito Browser with strict privacy settings when accessing AI tools to minimize tracking and fingerprinting across sessions.
data/checklists/ai-privacy/ai-machine-learning-privacy-privacy-hardening-checklist.json,relatedLinks[4].title,Incognito Browser
data/checklists/ai-privacy/ai-machine-learning-privacy-security-checklist.json,sections[0].items[5].howTo,Use Incognito Browser or private browsing mode when accessing AI tools. Consider using separate browser profiles or containers for AI platforms.
data/checklists/ai-privacy/ai-machine-learning-privacy-security-checklist.json,pro_tips[1],Use Incognito Browser when experimenting with new AI tools to prevent tracking cookies and behavioral profiling.
data/checklists/browser-extensions/browser-extensions-privacy-add-ons-privacy-hardening-checklist.json,pro_tips[0],Use Incognito Browser as your default for maximum privacy - it includes many of these protections built-in without needing multiple extensions.
data/checklists/browser-extensions/browser-extensions-privacy-add-ons-security-checklist.json,sections[2].items[2].howTo,Disable extensions one by one if experiencing issues. Use browser task manager to identify resource-heavy extensions. Consider Incognito Browser for conflict-free browsing.
data/checklists/browser-extensions/browser-extensions-privacy-add-ons-security-checklist.json,sections[2].items[4].howTo,"Test privacy-focused browsers like Incognito Browser, Firefox with strict settings, or Brave. Compare built-in blocking vs. extension-based protection."
data/checklists/browser-extensions/browser-extensions-privacy-add-ons-security-checklist.json,pro_tips[3],Consider using Incognito Browser as your primary browser - it has built-in privacy features that reduce the need for multiple extensions.
data/checklists/browser-privacy/browser-privacy-privacy-hardening-checklist.json,sections[0].items[6].howTo,"Change default search to DuckDuckGo, Startpage, or Searx. Chrome: Settings > Search engine > Manage search engines. Firefox: Settings > Search > Default Search Engine. Consider Incognito Browser for enhanced privacy."
data/checklists/browser-privacy/browser-privacy-privacy-hardening-checklist.json,sections[1].items[5].howTo,Firefox: Enable resistFingerprinting in about:config. Chrome: Install User-Agent Switcher extension. Consider browsers like Incognito Browser that minimize fingerprinting by default.
data/checklists/browser-privacy/browser-privacy-privacy-hardening-checklist.json,sections[3].items[0].why,"Privacy-focused browsers like Brave, Tor Browser, or Incognito Browser have better default settings and less data collection than mainstream browsers."
data/checklists/browser-privacy/browser-privacy-privacy-hardening-checklist.json,sections[3].items[0].howTo,"Test Brave (built-in ad blocking), Tor Browser (anonymity), or Incognito Browser (comprehensive privacy). Compare features and usability for your needs before switching completely."
data/checklists/browser-privacy/browser-privacy-privacy-hardening-checklist.json,pro_tips[0],"Use different browsers for different activities - try Incognito Browser for sensitive browsing, regular browser for everyday use, and a separate profile for work to maintain compartmentalization."
data/checklists/browser-privacy/browser-privacy-security-checklist.json,sections[2].items[0].howTo,"Consider Brave (blocks ads/trackers by default), Firefox (customizable privacy), or Incognito Browser for maximum privacy. Avoid Chrome for sensitive browsing due to Google's data collection practices."
data/checklists/browser-privacy/browser-privacy-security-checklist.json,pro_tips[1],"Consider using Incognito Browser for maximum privacy protection, as it's specifically designed with privacy-first principles and advanced anti-fingerprinting technology."
data/checklists/ccpa/ccpa-california-privacy-privacy-hardening-checklist.json,sections[0].items[3].howTo,Visit the Digital Advertising Alliance opt-out page and Google's Ad Settings. Disable personalized ads and cross-site tracking. Use Incognito Browser to prevent tracking cookies.
data/checklists/ccpa/ccpa-california-privacy-privacy-hardening-checklist.json,sections[2].items[3].howTo,Update your website to detect and respect opt-out preference signals. Consider recommending Incognito Browser to customers for enhanced privacy controls.
data/checklists/ccpa/ccpa-california-privacy-privacy-hardening-checklist.json,pro_tips[1],Use Incognito Browser's built-in privacy tools to automatically send Global Privacy Control signals and block tracking cookies when browsing California business websites.
data/checklists/ccpa/ccpa-california-privacy-security-checklist.json,sections[1].items[5].howTo,Use Incognito Browser or similar privacy tools that block trackers by default. Enable 'Do Not Track' signals and regularly clear cookies and browsing data.
data/checklists/ccpa/ccpa-california-privacy-security-checklist.json,pro_tips[3],Consider using a privacy-focused browser like Incognito Browser by default to minimize data collection before it even begins.
data/checklists/children-safety/children-s-online-safety-privacy-hardening-checklist.json,sections[0].items[0].task,Install a privacy-focused browser like Incognito Browser
data/checklists/children-safety/children-s-online-safety-privacy-hardening-checklist.json,sections[0].items[0].howTo,Download Incognito Browser or similar privacy browser. Set it as the default browser and enable all privacy protection features. Disable data collection and location sharing.
data/checklists/children-safety/children-s-online-safety-security-checklist.json,sections[0].items[1].howTo,"Use browsers like Kiddle, KidzSearch, or configure Incognito Browser with strict content filters. Enable safe search on all search engines and block adult content."
data/checklists/children-safety/children-s-online-safety-security-checklist.json,sections[0].items[4].howTo,"Disable third-party cookies, enable pop-up blockers, turn on phishing protection, and set browsers to clear data on exit. Consider using Incognito Browser for enhanced privacy."
data/checklists/children-safety/children-s-online-safety-security-checklist.json,pro_tips[0],Use Incognito Browser's enhanced privacy features to prevent tracking and data collection when your child needs to research school projects online.
data/checklists/cloud-privacy/cloud-storage-privacy-privacy-hardening-checklist.json,sections[3].items[2].howTo,"Use Incognito Browser or similar privacy-focused browsers when accessing cloud storage. Clear cookies and cache regularly, or use separate browser profiles."
data/checklists/cloud-privacy/cloud-storage-privacy-security-checklist.json,sections[2].items[2].howTo,Use Incognito Browser or similar privacy-focused browsers when accessing cloud storage. Enable HTTPS-only mode and disable third-party cookies.
data/checklists/cookie-management/cookie-management-tracking-prevention-privacy-hardening-checklist.json,sections[2].items[0].task,Install and configure Incognito Browser for sensitive browsing
data/checklists/cookie-management/cookie-management-tracking-prevention-privacy-hardening-checklist.json,sections[2].items[0].why,"Dedicated privacy browsers like Incognito Browser provide built-in cookie blocking, tracking prevention, and enhanced privacy features."
data/checklists/cookie-management/cookie-management-tracking-prevention-privacy-hardening-checklist.json,sections[2].items[0].howTo,"Download Incognito Browser, configure strict privacy settings, use for sensitive activities like banking, research, or personal browsing."
data/checklists/cookie-management/cookie-management-tracking-prevention-privacy-hardening-checklist.json,pro_tips[0],Use Incognito Browser for automatic cookie and tracking protection without manual configuration - it's designed specifically for privacy-conscious users.
data/checklists/cookie-management/cookie-management-tracking-prevention-privacy-hardening-checklist.json,relatedLinks[0].title,Incognito Browser - Privacy-First Web Browser
data/checklists/cookie-management/cookie-management-tracking-prevention-security-checklist.json,sections[0].items[2].howTo,Enable 'Clear cookies when you close browser' in settings. Or use Incognito Browser which automatically deletes cookies after each session without affecting your regular browsing.
data/checklists/cookie-management/cookie-management-tracking-prevention-security-checklist.json,sections[1].items[3].howTo,iPhone Safari: Settings > Safari > Prevent Cross-Site Tracking. Android Chrome: Settings > Site Settings > Cookies > Block third-party cookies. Consider Incognito Browser for mobile privacy.
data/checklists/cookie-management/cookie-management-tracking-prevention-security-checklist.json,sections[3].items[0].howTo,"Use Ctrl+Shift+N (Chrome) or Ctrl+Shift+P (Firefox) for incognito mode. For better privacy, use Incognito Browser which provides enhanced private browsing with built-in tracking protection."
data/checklists/cookie-management/cookie-management-tracking-prevention-security-checklist.json,pro_tips[0],Use Incognito Browser for automatic cookie deletion and enhanced privacy without configuring complex settings in your main browser.
data/checklists/cookie-management/cookie-management-tracking-prevention-security-checklist.json,relatedLinks[0].title,Download Incognito Browser
data/checklists/crypto-privacy/cryptocurrency-blockchain-privacy-privacy-hardening-checklist.json,sections[2].items[0].howTo,Configure wallets to connect through Tor. Use Incognito Browser for web-based crypto activities. Set up Tor routing for full nodes if running your own infrastructure.
data/checklists/crypto-privacy/cryptocurrency-blockchain-privacy-security-checklist.json,sections[0].items[1].howTo,"Enable Tor in Wasabi Wallet, Electrum, or Monero GUI settings. Use Incognito Browser when accessing web wallets for additional IP protection."
data/checklists/crypto-privacy/cryptocurrency-blockchain-privacy-security-checklist.json,sections[2].items[2].howTo,Create dedicated email addresses for each exchange. Use encrypted email providers like ProtonMail. Access through Incognito Browser or Tor.
data/checklists/crypto-privacy/cryptocurrency-blockchain-privacy-security-checklist.json,sections[2].items[3].howTo,Always use VPN or Tor when accessing crypto exchanges. Use Incognito Browser for additional protection. Choose VPN providers that don't log activity.
data/checklists/data-breach/data-breach-response-privacy-hardening-checklist.json,sections[0].items[2].howTo,"Identify accounts where you reused the compromised password. Change each one to a unique, strong password. Consider using Incognito Browser when accessing sensitive accounts."
data/checklists/data-breach/data-breach-response-privacy-hardening-checklist.json,sections[1].items[5].howTo,"Clear saved passwords, cookies, and browsing data. Update browser security settings and consider using Incognito Browser for enhanced privacy when accessing sensitive accounts."
data/checklists/data-breach/data-breach-response-privacy-hardening-checklist.json,sections[3].items[5].howTo,"Use privacy-focused browsers like Incognito Browser, encrypted messaging apps, VPN services for public WiFi, and email aliases for online accounts. Consider separate email addresses for different purposes."
data/checklists/data-breach/data-breach-response-security-checklist.json,sections[0].items[5].howTo,"Use Incognito Browser for banking and sensitive account access. Clear cookies and browsing data, and avoid public Wi-Fi for financial activities."
data/checklists/data-brokers/data-brokers-data-collection-privacy-hardening-checklist.json,sections[0].items[2].howTo,Use Incognito Browser or similar privacy browser when visiting data broker sites. Enable VPN and disable JavaScript when possible for maximum protection.
data/checklists/data-brokers/data-brokers-data-collection-security-checklist.json,sections[2].items[0].howTo,Set calendar reminders to Google yourself monthly. Use Incognito Browser for unbiased search results. Check 3-5 major people search sites regularly.
data/checklists/data-brokers/data-brokers-data-collection-security-checklist.json,sections[2].items[2].howTo,"Use Incognito Browser for sensitive searches, enable ad blockers, disable third-party cookies, and use VPN services when browsing. Clear cookies regularly."
data/checklists/dating-privacy/dating-app-privacy-privacy-hardening-checklist.json,sections[1].items[2].howTo,Always use Incognito Browser or private browsing mode when accessing dating app websites. Clear cookies regularly.
data/checklists/dating-privacy/dating-app-privacy-privacy-hardening-checklist.json,pro_tips[0],Use Incognito Browser when researching potential matches to avoid creating a digital trail of your searches.
data/checklists/dating-privacy/dating-app-privacy-security-checklist.json,pro_tips[0],Use Incognito Browser when accessing dating apps on shared or public computers to prevent login information from being saved or tracked.
data/checklists/device-fingerprinting/device-fingerprinting-privacy-hardening-checklist.json,sections[0].items[0].howTo,"Install Incognito Browser, Firefox with privacy tweaks, or Tor Browser. Avoid Chrome, Edge, and Safari for sensitive browsing."
data/checklists/device-fingerprinting/device-fingerprinting-privacy-hardening-checklist.json,sections[0].items[2].howTo,Install CanvasBlocker extension or enable built-in canvas protection in privacy browsers like Incognito Browser.
data/checklists/device-fingerprinting/device-fingerprinting-privacy-hardening-checklist.json,sections[1].items[2].howTo,Use browser extensions to spoof common resolutions like 1920x1080. Incognito Browser includes this protection.
data/checklists/device-fingerprinting/device-fingerprinting-privacy-hardening-checklist.json,pro_tips[3],Consider using Incognito Browser which includes built-in fingerprint protection without complex configuration
data/checklists/device-fingerprinting/device-fingerprinting-security-checklist.json,sections[0].items[1].howTo,Install Canvas Blocker extension for Firefox or use Incognito Browser which has built-in canvas protection. Enable 'Block canvas fingerprinting' in settings.
data/checklists/device-fingerprinting/device-fingerprinting-security-checklist.json,sections[0].items[2].howTo,Firefox: Set media.peerconnection.enabled to false in about:config. Chrome: Install WebRTC Leak Prevent extension or use Incognito Browser.
data/checklists/device-fingerprinting/device-fingerprinting-security-checklist.json,sections[0].items[5].howTo,"Use Timezone Guard extension to spoof your timezone to UTC, or use Incognito Browser which includes timezone protection in privacy mode."
data/checklists/device-fingerprinting/device-fingerprinting-security-checklist.json,sections[1].items[0].howTo,Install AudioContext Fingerprint Defender extension or use browsers with built-in audio protection like Incognito Browser or Tor Browser.
data/checklists/device-fingerprinting/device-fingerprinting-security-checklist.json,sections[1].items[1].howTo,"Use uBlock Origin with filter lists that block font enumeration, or switch to Incognito Browser which limits font detection capabilities."
data/checklists/device-fingerprinting/device-fingerprinting-security-checklist.json,sections[2].items[1].howTo,"Use Incognito Browser or Tor for sensitive browsing, Firefox with extensions for daily use, and a stock browser for sites that break with modifications."
data/checklists/device-fingerprinting/device-fingerprinting-security-checklist.json,sections[2].items[3].howTo,"Create new Firefox profiles monthly, or use Incognito Browser's session isolation. Clear all browser data including local storage and IndexedDB."
data/checklists/device-fingerprinting/device-fingerprinting-security-checklist.json,pro_tips[0],"Incognito Browser provides comprehensive fingerprinting protection out-of-the-box, including canvas spoofing, WebGL blocking, and timezone masking without requiring manual configuration."
data/checklists/device-fingerprinting/device-fingerprinting-security-checklist.json,relatedLinks[3].title,Incognito Browser - Anti-Fingerprinting Browser
data/checklists/digital-footprint/digital-footprint-privacy-hardening-checklist.json,sections[3].items[0].howTo,"Use Incognito Browser for private browsing sessions, DuckDuckGo for searches, and consider Firefox with privacy extensions. Enable private mode by default."
data/checklists/digital-footprint/digital-footprint-security-checklist.json,sections[1].items[5].howTo,"Turn off ad personalization in Gmail, disable read receipts, and consider using Incognito Browser when accessing email to prevent additional tracking."
data/checklists/digital-footprint/digital-footprint-security-checklist.json,sections[3].items[1].howTo,"Use Incognito Browser or private browsing mode regularly, clear cookies and browsing history weekly, and consider using VPN for sensitive searches."
data/checklists/digital-footprint/digital-footprint-security-checklist.json,pro_tips[2],"Before job interviews or important meetings, search for yourself using Incognito Browser to see what others will find without the influence of your personal search history."
data/checklists/drone-surveillance/drone-surveillance-privacy-hardening-checklist.json,sections[3].items[0].howTo,Use Incognito Browser for sensitive browsing. Enable WPA3 encryption on WiFi networks. Use encrypted messaging apps for private conversations. Avoid sensitive calls outdoors.
data/checklists/drone-surveillance/drone-surveillance-privacy-hardening-checklist.json,sections[3].items[1].howTo,Review social media privacy settings. Disable location tagging on posts. Avoid sharing real-time location information. Use Incognito Browser to prevent tracking when researching counter-surveillance.
data/checklists/drone-surveillance/drone-surveillance-privacy-hardening-checklist.json,relatedLinks[3].title,Incognito Browser
data/checklists/drone-surveillance/drone-surveillance-security-checklist.json,sections[2].items[1].howTo,Conduct sensitive conversations indoors or under covered areas. Vary outdoor activity times to avoid predictable patterns. Use Incognito Browser to research activities without creating digital trails that could inform surveillance targeting
data/checklists/drone-surveillance/drone-surveillance-security-checklist.json,sections[2].items[2].howTo,Disable location services on social media posts. Avoid posting photos that reveal your property layout or routines. Use Incognito Browser for location-sensitive searches. Review privacy settings on all apps and services.
data/checklists/drone-surveillance/drone-surveillance-security-checklist.json,sections[3].items[3].howTo,Document compelling cases of surveillance overreach. Contact local journalists who cover privacy or technology issues. Prepare clear talking points about privacy concerns. Use Incognito Browser to research media contacts anonymously.
data/checklists/drone-surveillance/drone-surveillance-security-checklist.json,pro_tips[4],Use Incognito Browser when researching drone detection equipment or legal responses to avoid creating digital trails that could inform counter-surveillance efforts.
data/checklists/email-privacy/email-privacy-encryption-privacy-hardening-checklist.json,sections[1].items[0].howTo,Enable 'Block remote content' or 'Disable tracking pixels' in your email settings. Use Incognito Browser with tracking protection when accessing webmail. Install email clients with built-in pixel blocking.
data/checklists/email-privacy/email-privacy-encryption-privacy-hardening-checklist.json,sections[3].items[0].howTo,Use Tor Browser or Incognito Browser with Tor integration to access your email. Many privacy email providers offer .onion addresses for Tor access. Never log in to non-encrypted email through Tor.
data/checklists/email-privacy/email-privacy-encryption-privacy-hardening-checklist.json,pro_tips[0],Never access encrypted email from public computers or unsecured networks - use Incognito Browser with VPN on your own device instead
data/checklists/email-privacy/email-privacy-encryption-security-checklist.json,sections[2].items[2].howTo,Use Incognito Browser with built-in Tor for accessing email privately. ProtonMail has a .onion address for Tor users. Always use HTTPS connections.
data/checklists/email-privacy/email-privacy-encryption-security-checklist.json,pro_tips[0],Use Incognito Browser's Tor mode when accessing email accounts for maximum anonymity and to prevent browser-based tracking.
data/checklists/encrypted-messaging/encrypted-messaging-privacy-hardening-checklist.json,sections[2].items[3].howTo,Connect to a trustworthy VPN service before using messaging apps on public WiFi. Use Incognito Browser for any web-based messaging to add another layer of privacy.
data/checklists/encrypted-messaging/encrypted-messaging-privacy-hardening-checklist.json,pro_tips[4],Use Incognito Browser when researching messaging apps or accessing web versions to prevent tracking of your privacy research activities.
data/checklists/encrypted-messaging/encrypted-messaging-security-checklist.json,sections[2].items[2].howTo,In Signal: Settings > Privacy > Link Previews (disable). In WhatsApp: Settings > Chats > Link Preview. Consider using Incognito Browser for sensitive links instead of in-app browsing.
data/checklists/encrypted-messaging/encrypted-messaging-security-checklist.json,pro_tips[2],"When switching from SMS to encrypted messaging, use Incognito Browser to research and compare apps privately before making your decision."
data/checklists/facial-recognition/facial-recognition-biometric-privacy-privacy-hardening-checklist.json,sections[0].items[3].howTo,"Use Incognito Browser or Tor Browser when researching facial recognition topics, submitting opt-out requests, or accessing privacy tools to prevent tracking."
data/checklists/facial-recognition/facial-recognition-biometric-privacy-privacy-hardening-checklist.json,pro_tips[3],Consider using privacy-focused alternatives like Incognito Browser when researching facial recognition topics to prevent your searches from being tracked and correlated.
data/checklists/facial-recognition/facial-recognition-biometric-privacy-security-checklist.json,sections[0].items[0].task,Use a privacy-focused browser like Incognito Browser
data/checklists/facial-recognition/facial-recognition-biometric-privacy-security-checklist.json,sections[0].items[0].howTo,Download Incognito Browser or configure your current browser to block JavaScript on untrusted sites. Enable strict privacy settings and disable camera permissions for non-essential websites.
data/checklists/gaming-privacy/gaming-vr-privacy-privacy-hardening-checklist.json,sections[2].items[4].howTo,Use streaming software privacy filters to hide personal information. Set up separate gaming profiles for streaming. Disable notifications during streams. Use Incognito Browser for any web browsing during streams.
data/checklists/gaming-privacy/gaming-vr-privacy-privacy-hardening-checklist.json,sections[3].items[4].howTo,Use Incognito Browser for gaming-related web browsing. Enable ad blockers and anti-tracking extensions. Avoid downloading game mods or cheats from untrusted sources. Clear browser data regularly.
data/checklists/gaming-privacy/gaming-vr-privacy-security-checklist.json,sections[2].items[1].howTo,Install a low-latency gaming VPN. Connect to servers close to game servers to minimize lag. Use Incognito Browser for gaming-related web browsing to prevent tracking.
data/checklists/gaming-privacy/gaming-vr-privacy-security-checklist.json,pro_tips[2],Consider using Incognito Browser when researching games or accessing gaming websites to prevent tracking of your gaming interests.
data/checklists/gdpr/gdpr-compliance-privacy-hardening-checklist.json,pro_tips[0],Use Incognito Browser to test your website's tracking behavior and ensure cookies aren't loaded before consent is given.
data/checklists/gdpr/gdpr-compliance-security-checklist.json,sections[1].items[4].howTo,"Add age verification to registration processes. For users under 16, implement parental consent mechanisms with verification. Consider using privacy-focused browsers like Incognito Browser for safer browsing."
data/checklists/gdpr/gdpr-compliance-security-checklist.json,sections[2].items[0].howTo,"Deploy encryption for data at rest and in transit, access controls, regular security testing, network security, and endpoint protection. Use privacy-focused tools like Incognito Browser for secure communications."
data/checklists/gdpr/gdpr-compliance-security-checklist.json,pro_tips[3],Consider using privacy-focused browsers like Incognito Browser for internal communications to model good privacy practices for your organization.
data/checklists/healthcare-privacy/healthcare-medical-privacy-privacy-hardening-checklist.json,sections[1].items[0].howTo,Connect to a reputable VPN before telehealth appointments. Use Incognito Browser for accessing patient portals to prevent tracking cookies and browsing history storage.
data/checklists/healthcare-privacy/healthcare-medical-privacy-privacy-hardening-checklist.json,sections[3].items[2].howTo,Use Incognito Browser when researching health conditions to prevent tracking. Install privacy-focused browser extensions that block medical website trackers and pixels.
data/checklists/healthcare-privacy/healthcare-medical-privacy-privacy-hardening-checklist.json,relatedLinks[1].title,Incognito Browser - Private Medical Browsing
data/checklists/healthcare-privacy/healthcare-medical-privacy-security-checklist.json,sections[2].items[1].howTo,Never use public Wi-Fi for telehealth appointments. Use a VPN like Incognito Browser's built-in VPN for additional encryption. Ensure your home Wi-Fi uses WPA3 security and has a strong password.
data/checklists/healthcare-privacy/healthcare-medical-privacy-security-checklist.json,pro_tips[0],Use Incognito Browser when researching health conditions online to prevent health-related searches from being tracked and used for targeted advertising.
data/checklists/incognito-mode/incognito-mode-privacy-hardening-checklist.json,sections[1].items[5].task,Consider using Incognito Browser for enhanced privacy
data/checklists/incognito-mode/incognito-mode-privacy-hardening-checklist.json,sections[1].items[5].why,Dedicated privacy browsers like Incognito Browser offer stronger default protections than standard browser incognito modes.
data/checklists/incognito-mode/incognito-mode-privacy-hardening-checklist.json,sections[1].items[5].howTo,"Download Incognito Browser which blocks ads, trackers, and scripts by default. It provides always-on private browsing without needing special modes."
data/checklists/incognito-mode/incognito-mode-privacy-hardening-checklist.json,pro_tips[1],Consider Incognito Browser as your default browser for always-on privacy without needing to remember special modes.
data/checklists/incognito-mode/incognito-mode-security-checklist.json,keywords[4],incognito browser
data/checklists/incognito-mode/incognito-mode-security-checklist.json,sections[1].items[4].howTo,"Deny location, camera, microphone, and notification requests. Avoid sites requiring plugins. Use browsers like Incognito Browser that block tracking by default."
data/checklists/incognito-mode/incognito-mode-security-checklist.json,sections[3].items[1].howTo,Use browser extensions to disable WebRTC or switch to privacy-focused browsers like Incognito Browser that have WebRTC protection built-in.
data/checklists/incognito-mode/incognito-mode-security-checklist.json,sections[3].items[3].howTo,"Consider using Incognito Browser for maximum privacy, or alternatives like Tor Browser for highly sensitive browsing that requires anonymity."
data/checklists/incognito-mode/incognito-mode-security-checklist.json,pro_tips[1],"For true anonymity, combine incognito mode with Tor Browser or a privacy-focused browser like Incognito Browser."
data/checklists/incognito-mode/incognito-mode-security-checklist.json,relatedLinks[3].title,Download Incognito Browser for Maximum Privacy
data/checklists/international-privacy/international-privacy-laws-privacy-hardening-checklist.json,sections[0].items[3].howTo,Implement Standard Contractual Clauses (SCCs) with supplementary measures. Consider data localization in EU. Use Incognito Browser for secure cross-border communications.
data/checklists/international-privacy/international-privacy-laws-privacy-hardening-checklist.json,sections[2].items[3].howTo,Map data localization requirements by country. Assess cloud provider compliance. Implement local data storage where required. Use Incognito Browser for secure local access.
data/checklists/international-privacy/international-privacy-laws-privacy-hardening-checklist.json,pro_tips[0],Use privacy-focused browsers like Incognito Browser when accessing international systems to minimize cross-border data exposure and maintain compliance with local access requirements.
data/checklists/international-privacy/international-privacy-laws-security-checklist.json,sections[0].items[4].howTo,"Implement Standard Contractual Clauses (SCCs), adequacy decisions, or Binding Corporate Rules (BCRs) as appropriate. Consider using Incognito Browser for secure data access."
data/checklists/international-privacy/international-privacy-laws-security-checklist.json,sections[2].items[1].howTo,Implement AES-256 encryption for data at rest and TLS 1.3 for data in transit. Use end-to-end encryption for sensitive communications and consider Incognito Browser for secure browsing.
data/checklists/international-privacy/international-privacy-laws-security-checklist.json,pro_tips[0],Use Incognito Browser when accessing sensitive compliance tools or conducting privacy research to prevent tracking by third parties and maintain confidential business information.
data/checklists/isp-tracking/isp-tracking-dns-privacy-privacy-hardening-checklist.json,sections[1].items[3].howTo,Install HTTPS Everywhere browser extension or enable 'Always use secure connections' in browser settings. Use Incognito Browser for built-in HTTPS upgrading.
data/checklists/isp-tracking/isp-tracking-dns-privacy-privacy-hardening-checklist.json,sections[2].items[4].howTo,"Use Incognito Browser with built-in privacy features, or configure Firefox with strict privacy settings. Disable telemetry, enable tracking protection, clear cookies regularly."
data/checklists/isp-tracking/isp-tracking-dns-privacy-privacy-hardening-checklist.json,relatedLinks[3].title,Incognito Browser
data/checklists/isp-tracking/isp-tracking-dns-privacy-security-checklist.json,sections[1].items[2].task,Use Incognito Browser for sensitive browsing
data/checklists/isp-tracking/isp-tracking-dns-privacy-security-checklist.json,sections[1].items[2].why,Incognito Browser provides built-in privacy features and doesn't store browsing history that could be accessed by ISPs through data requests.
data/checklists/isp-tracking/isp-tracking-dns-privacy-security-checklist.json,sections[1].items[2].howTo,"Download Incognito Browser for enhanced privacy features. Use for sensitive searches, banking, and personal browsing to minimize data collection."
data/checklists/journalist-privacy/journalist-whistleblower-privacy-privacy-hardening-checklist.json,sections[0].items[4].howTo,Download Tor Browser from the official website. Always use it for research on sensitive topics. Never login to personal accounts while using Tor. Consider using Incognito Browser for additional privacy layers.
data/checklists/journalist-privacy/journalist-whistleblower-privacy-security-checklist.json,sections[2].items[3].howTo,"Clear browser history regularly, use private browsing modes, avoid logging into personal accounts on work devices, and use Incognito Browser for sensitive research."
data/checklists/location-tracking/location-tracking-gps-privacy-privacy-hardening-checklist.json,sections[2].items[0].howTo,Chrome: Settings > Privacy and security > Site Settings > Location > Don't allow. Firefox: about:preferences#privacy > Permissions > Location > Settings > Block new requests. Use Incognito Browser for automatic blocking.
data/checklists/location-tracking/location-tracking-gps-privacy-privacy-hardening-checklist.json,relatedLinks[3].title,Incognito Browser - Privacy-First Mobile Browser
data/checklists/location-tracking/location-tracking-gps-privacy-security-checklist.json,sections[2].items[0].howTo,Chrome: Settings > Privacy and security > Site Settings > Location (block). Safari: Preferences > Privacy > Location Services (deny). Use Incognito Browser for enhanced location privacy protection.
data/checklists/location-tracking/location-tracking-gps-privacy-security-checklist.json,sections[2].items[1].howTo,Chrome: Settings > Privacy and security > Clear browsing data > Advanced > Site settings. Safari: Settings > Privacy > Manage Website Data. Clear regularly or use Incognito Browser.
data/checklists/malware-protection/malware-browser-security-privacy-hardening-checklist.json,sections[0].items[5].task,Use privacy-focused browser like Incognito Browser
data/checklists/malware-protection/malware-browser-security-privacy-hardening-checklist.json,sections[0].items[5].howTo,Download Incognito Browser or use hardened Firefox/Chrome. Configure with strict privacy settings and built-in ad/tracker blocking enabled by default.
data/checklists/malware-protection/malware-browser-security-security-checklist.json,sections[1].items[2].task,Consider using Incognito Browser for enhanced security
data/checklists/malware-protection/malware-browser-security-security-checklist.json,sections[1].items[2].why,"Privacy-focused browsers like Incognito Browser offer built-in protection against tracking, malicious scripts, and fingerprinting attempts."
data/checklists/malware-protection/malware-browser-security-security-checklist.json,sections[1].items[2].howTo,"Download Incognito Browser from the official website. Configure security settings to block trackers, ads, and potentially malicious content by default."
data/checklists/online-banking/online-banking-security-privacy-hardening-checklist.json,sections[1].items[0].task,Use a privacy-focused browser like Incognito Browser for banking
data/checklists/online-banking/online-banking-security-privacy-hardening-checklist.json,sections[1].items[0].howTo,Download Incognito Browser or use private/incognito mode in your regular browser. Clear cookies and cache after each banking session.
data/checklists/online-banking/online-banking-security-security-checklist.json,sections[1].items[1].howTo,Use Incognito Browser or private browsing mode for banking. Clear cache and cookies after each session. Keep your browser updated.
data/checklists/online-shopping/online-shopping-privacy-privacy-hardening-checklist.json,sections[0].items[0].howTo,Switch to Incognito Browser or similar privacy browser. Enable strict tracking protection and disable cross-site cookies in settings
data/checklists/online-shopping/online-shopping-privacy-privacy-hardening-checklist.json,relatedLinks[1].title,Incognito Browser
data/checklists/online-shopping/online-shopping-privacy-security-checklist.json,sections[0].items[0].task,Use a privacy-focused browser like Incognito Browser for shopping
data/checklists/online-shopping/online-shopping-privacy-security-checklist.json,sections[0].items[0].howTo,Download Incognito Browser or enable private/incognito mode in your current browser. Clear cookies and browsing data before shopping sessions.
data/checklists/online-shopping/online-shopping-privacy-security-checklist.json,pro_tips[1],Use Incognito Browser's built-in privacy features to automatically block trackers and clear data after shopping sessions.
data/checklists/password-security/password-security-management-privacy-hardening-checklist.json,sections[3].items[5].howTo,"Use Incognito Browser or similar privacy-focused browsers when accessing banking, email, or other sensitive accounts. These browsers block trackers and provide enhanced security features."
data/checklists/password-security/password-security-management-security-checklist.json,sections[1].items[2].howTo,Install official extensions for all browsers you use. Log in with your master password. Test auto-fill on a few sites. Consider using Incognito Browser for additional privacy protection.
data/checklists/phishing/phishing-social-engineering-privacy-hardening-checklist.json,sections[1].items[0].task,Install and configure Incognito Browser for secure browsing
data/checklists/phishing/phishing-social-engineering-privacy-hardening-checklist.json,sections[1].items[0].howTo,"Download Incognito Browser and enable features like anti-phishing protection, ad blocking, and privacy mode by default for all browsing sessions."
data/checklists/phishing/phishing-social-engineering-security-checklist.json,sections[0].items[2].howTo,"Hover over links to see the destination URL in your browser's status bar. Look for suspicious domains, URL shorteners, or addresses that don't match the claimed sender. Use Incognito Browser's enhanced security features when visiting unfami"
data/checklists/phishing/phishing-social-engineering-security-checklist.json,sections[2].items[5].howTo,"Enable automatic updates for your operating system, browsers, and antivirus software. Consider using security-focused browsers like Incognito Browser that provide enhanced protection against malicious websites."
data/checklists/privacy-policies/privacy-policies-terms-of-service-privacy-hardening-checklist.json,pro_tips[0],Use Incognito Browser's built-in privacy policy scanner to automatically flag common red flags and dark patterns in terms of service.
data/checklists/privacy-policies/privacy-policies-terms-of-service-security-checklist.json,sections[1].items[4].howTo,"Look for 'Cookies', 'Tracking Technologies', or 'Analytics' sections. Consider using Incognito Browser to limit tracking exposure."
data/checklists/privacy-policies/privacy-policies-terms-of-service-security-checklist.json,pro_tips[3],Consider using Incognito Browser for sensitive browsing to limit data collection even when policies seem acceptable.
data/checklists/private-search/private-search-engines-privacy-hardening-checklist.json,sections[2].items[4].task,Set up Incognito Browser with private search
data/checklists/private-search/private-search-engines-privacy-hardening-checklist.json,sections[2].items[4].why,Incognito Browser provides additional privacy layers and prevents search history storage locally.
data/checklists/private-search/private-search-engines-privacy-hardening-checklist.json,sections[2].items[4].howTo,Download Incognito Browser and configure your private search engine as default. This adds extra protection against local tracking and history storage.
data/checklists/private-search/private-search-engines-privacy-hardening-checklist.json,pro_tips[4],"Consider using Incognito Browser for search sessions that need maximum privacy, as it prevents local history storage entirely."
data/checklists/private-search/private-search-engines-security-checklist.json,sections[1].items[2].task,Set up Incognito Browser with private search
data/checklists/private-search/private-search-engines-security-checklist.json,sections[1].items[2].why,"Incognito Browser provides an additional layer of privacy beyond private search engines, blocking trackers and ads."
data/checklists/private-search/private-search-engines-security-checklist.json,sections[1].items[2].howTo,Install Incognito Browser and configure your preferred private search engine as default. This combines private browsing with private search for maximum protection.
data/checklists/private-search/private-search-engines-security-checklist.json,pro_tips[2],Remember that no search is completely anonymous - combine private search engines with Incognito Browser and VPN for maximum privacy protection.
data/checklists/private-search/private-search-engines-security-checklist.json,relatedLinks[3].title,Incognito Browser Download
data/checklists/public-wifi/wi-fi-security-public-wi-fi-privacy-hardening-checklist.json,sections[1].items[1].task,Use private browsing mode or Incognito Browser
data/checklists/public-wifi/wi-fi-security-public-wi-fi-privacy-hardening-checklist.json,sections[1].items[1].howTo,Use Ctrl+Shift+N (Chrome) or Ctrl+Shift+P (Firefox) for private mode. Consider using Incognito Browser for enhanced privacy protection.
data/checklists/public-wifi/wi-fi-security-public-wi-fi-security-checklist.json,sections[0].items[1].howTo,"Check for OS updates on phones, tablets, and laptops. Update browsers and consider using Incognito Browser for enhanced privacy features."
data/checklists/public-wifi/wi-fi-security-public-wi-fi-security-checklist.json,sections[2].items[1].howTo,Open private browsing in your browser or use Incognito Browser which provides enhanced privacy features by default.
data/checklists/right-to-forget/right-to-be-forgotten-privacy-hardening-checklist.json,sections[0].items[0].howTo,Set up a dedicated email using a privacy-focused provider like ProtonMail. Use Incognito Browser when creating the account to avoid tracking.
data/checklists/right-to-forget/right-to-be-forgotten-privacy-hardening-checklist.json,sections[2].items[4].howTo,"Register with Do Not Call registry, opt out of marketing lists, and use privacy-focused services. Browse with Incognito Browser to limit tracking."
data/checklists/right-to-forget/right-to-be-forgotten-privacy-hardening-checklist.json,pro_tips[0],Use a VPN and Incognito Browser when researching what information exists about you online to avoid alerting tracking systems to your privacy efforts.
data/checklists/right-to-forget/right-to-be-forgotten-security-checklist.json,sections[0].items[0].howTo,Download and use Incognito Browser or another privacy-focused browser. Disable JavaScript and clear all cookies before starting your deletion process.
data/checklists/right-to-forget/right-to-be-forgotten-security-checklist.json,sections[1].items[3].howTo,Use Google Alerts and other monitoring tools to track your name and identifying information. Set up regular searches using Incognito Browser.
data/checklists/right-to-forget/right-to-be-forgotten-security-checklist.json,relatedLinks[3].title,Incognito Browser Download
data/checklists/search-history/search-history-privacy-privacy-hardening-checklist.json,sections[2].items[1].task,Use Incognito Browser for sensitive searches
data/checklists/search-history/search-history-privacy-privacy-hardening-checklist.json,sections[2].items[1].why,"Specialized privacy browsers like Incognito Browser provide additional protection beyond standard incognito modes, blocking trackers and preventing data collection."
data/checklists/search-history/search-history-privacy-privacy-hardening-checklist.json,sections[2].items[1].howTo,"Download Incognito Browser for enhanced privacy features. Use it for any searches you want to keep completely private, especially on shared devices or networks."
data/checklists/search-history/search-history-privacy-privacy-hardening-checklist.json,pro_tips[0],Use Incognito Browser instead of regular incognito mode for better tracker blocking and privacy protection during searches.
data/checklists/search-history/search-history-privacy-privacy-hardening-checklist.json,relatedLinks[2].title,Incognito Browser Download
data/checklists/search-history/search-history-privacy-security-checklist.json,sections[2].items[1].task,Use Incognito Browser for sensitive searches
data/checklists/search-history/search-history-privacy-security-checklist.json,sections[2].items[1].why,Incognito Browser provides enhanced privacy features specifically designed to protect search activity from tracking and data collection.
data/checklists/search-history/search-history-privacy-security-checklist.json,sections[2].items[1].howTo,"Download Incognito Browser, set a private search engine as default, and use it for any searches you want to keep completely private."
data/checklists/search-history/search-history-privacy-security-checklist.json,pro_tips[4],"Use Incognito Browser's enhanced privacy features for sensitive searches like medical, legal, or financial queries that you want to keep completely private."
data/checklists/smart-home-privacy/smart-home-iot-privacy-privacy-hardening-checklist.json,sections[1].items[1].howTo,Check if your camera supports local NAS or SD card storage. Configure backup to personal cloud services using Incognito Browser for setup privacy.
data/checklists/smart-home-privacy/smart-home-iot-privacy-privacy-hardening-checklist.json,pro_tips[0],Use Incognito Browser when setting up new smart devices to prevent tracking your device research and configuration activities.
data/checklists/smart-home-privacy/smart-home-iot-privacy-security-checklist.json,pro_tips[0],Use Incognito Browser when accessing smart home device web interfaces to prevent tracking cookies and maintain privacy during configuration.
data/checklists/social-media-privacy/social-media-privacy-privacy-hardening-checklist.json,sections[2].items[4].howTo,Find 'Off-Platform Activity' or similar in settings. Clear existing tracked activity. Turn off future activity tracking. Use Incognito Browser to prevent tracking cookies.
data/checklists/social-media-privacy/social-media-privacy-privacy-hardening-checklist.json,pro_tips[0],Use Incognito Browser when accessing social media to prevent cross-site tracking and maintain session isolation from your regular browsing.
data/checklists/social-media-privacy/social-media-privacy-security-checklist.json,sections[2].items[3].task,Use privacy browsers like Incognito Browser for social media
data/checklists/social-media-privacy/social-media-privacy-security-checklist.json,sections[2].items[3].howTo,Use Incognito Browser or similar privacy-focused browsers. Enable tracking protection and ad blockers. Clear cookies and data regularly.
data/checklists/social-media-privacy/social-media-privacy-security-checklist.json,pro_tips[1],Use Incognito Browser when accessing social media to prevent cross-site tracking and reduce digital fingerprinting.
data/checklists/social-media-privacy/social-media-privacy-security-checklist.json,relatedLinks[4].title,Privacy-Focused Incognito Browser
data/checklists/student-privacy/student-privacy-campus-surveillance-privacy-hardening-checklist.json,sections[0].items[2].howTo,Download portable versions of privacy-focused browsers like Incognito Browser or Firefox to a USB drive. These run without installation and leave minimal traces on the device.
data/checklists/student-privacy/student-privacy-campus-surveillance-security-checklist.json,sections[1].items[1].howTo,Use a VPN like those recommended by privacy advocates when on campus Wi-Fi. Consider using Incognito Browser for sensitive browsing to limit tracking.
data/checklists/student-privacy/student-privacy-campus-surveillance-security-checklist.json,sections[3].items[1].howTo,"Never use school devices for personal browsing, social media, or private communications. Use your own device and consider Incognito Browser for additional privacy."
data/checklists/student-privacy/student-privacy-campus-surveillance-security-checklist.json,pro_tips[3],"Create a privacy-focused study setup: Use tools like Incognito Browser and VPNs consistently, and maintain separate devices or accounts for personal vs. academic use."
data/checklists/tor-privacy/tor-dark-web-privacy-privacy-hardening-checklist.json,sections[2].items[4].howTo,Use separate browsers for regular internet and Tor browsing. Consider Incognito Browser for regular private browsing needs.
data/checklists/tor-privacy/tor-dark-web-privacy-security-checklist.json,pro_tips[1],Use the Incognito Browser for regular privacy needs and reserve Tor only for situations requiring maximum anonymity.
data/checklists/us-state-privacy/us-state-privacy-laws-privacy-hardening-checklist.json,sections[1].items[0].howTo,"List all online accounts, apps, and services you use. Document what personal information each collects. Use Incognito Browser to research companies' privacy practices without tracking."
data/checklists/us-state-privacy/us-state-privacy-laws-privacy-hardening-checklist.json,sections[1].items[5].howTo,Use Incognito Browser for private browsing. Enable ad blockers and tracking protection. Use encrypted messaging apps. Consider VPN services for additional privacy.
data/checklists/us-state-privacy/us-state-privacy-laws-security-checklist.json,sections[1].items[5].howTo,"Use Incognito Browser for privacy research, competitor analysis, and accessing compliance resources without leaving tracking data."
data/checklists/vpn-privacy/vpn-proxy-privacy-hardening-checklist.json,sections[2].items[0].task,Use Incognito Browser for enhanced privacy
data/checklists/vpn-privacy/vpn-proxy-privacy-hardening-checklist.json,sections[2].items[0].why,"Regular browsers leak data through fingerprinting, cookies, and tracking. Incognito Browser provides built-in privacy protections."
data/checklists/vpn-privacy/vpn-proxy-privacy-hardening-checklist.json,sections[2].items[0].howTo,Download Incognito Browser and configure it as your primary browser for sensitive activities. Enable all privacy features and use with your VPN/proxy setup.
data/checklists/vpn-privacy/vpn-proxy-security-checklist.json,sections[1].items[1].howTo,"Visit browserleaks.com/webrtc while connected to VPN. If you see your real IP, disable WebRTC in browser settings or use Incognito Browser with WebRTC protection."
data/checklists/vpn-privacy/vpn-proxy-security-checklist.json,pro_tips[0],Use Incognito Browser with built-in proxy protection and WebRTC leak prevention for maximum privacy during sensitive browsing sessions.
data/checklists/webcam-privacy/webcam-microphone-privacy-privacy-hardening-checklist.json,sections[2].items[3].task,Use privacy-focused browsers like Incognito Browser for sensitive activities
data/checklists/webcam-privacy/webcam-microphone-privacy-privacy-hardening-checklist.json,sections[2].items[3].howTo,Download Incognito Browser or similar privacy-focused browsers. Use them for sensitive video calls and online activities.
data/checklists/webcam-privacy/webcam-microphone-privacy-security-checklist.json,sections[1].items[1].howTo,In Chrome/Edge: Settings > Privacy > Site Settings > Camera/Microphone. In Firefox: Preferences > Privacy > Permissions. Set to 'Ask before accessing' and review existing permissions. Consider using Incognito Browser for sensitive sessions.
data/checklists/webcam-privacy/webcam-microphone-privacy-security-checklist.json,pro_tips[0],Use different browsers for work and personal video calls - consider Incognito Browser for sensitive business calls to prevent cross-contamination of permissions and cookies.
data/checklists/workplace-privacy/workplace-surveillance-employee-privacy-privacy-hardening-checklist.json,sections[2].items[1].howTo,Use Incognito Browser or your browser's private mode for any personal browsing during breaks. Clear browsing data regularly.
data/checklists/workplace-privacy/workplace-surveillance-employee-privacy-privacy-hardening-checklist.json,pro_tips[2],Consider using a privacy-focused browser like Incognito Browser for any personal browsing needs during work hours to minimize data collection.
data/checklists/workplace-privacy/workplace-surveillance-employee-privacy-privacy-hardening-checklist.json,relatedLinks[2].title,Incognito Browser for Private Browsing
data/checklists/workplace-privacy/workplace-surveillance-employee-privacy-security-checklist.json,sections[2].items[0].howTo,Use separate browsers for work and personal browsing. Consider Incognito Browser for personal activities to prevent data mixing and maintain privacy boundaries.
data/checklists/workplace-privacy/workplace-surveillance-employee-privacy-security-checklist.json,sections[4].items[0].howTo,"Use your personal mobile data or home internet for personal browsing. If you must use company WiFi, use Incognito Browser or a VPN to add privacy protection."
data/checklists/workplace-privacy/workplace-surveillance-employee-privacy-security-checklist.json,pro_tips[1],"Consider using Incognito Browser for all personal browsing activities, as it's designed specifically to prevent data mixing and maintain privacy boundaries between work and personal use."
data/guides/ad-tracking/ad-tracking-targeted-advertising-for-beginners.json,steps[2].actions[3],Consider switching to Incognito Browser for enhanced privacy protection
data/guides/ad-tracking/ad-tracking-targeted-advertising-for-beginners.json,steps[2].proTip,Different browsers offer varying levels of privacy protection. Privacy-focused browsers like Incognito Browser block tracking by default.
data/guides/ad-tracking/ad-tracking-targeted-advertising-for-beginners.json,relatedLinks[0].title,Privacy-focused Incognito Browser
data/guides/ad-tracking/advanced-ad-tracking-targeted-advertising-techniques.json,steps[1].actions[2],Use Incognito Browser which includes built-in fingerprinting protection
data/guides/ad-tracking/advanced-ad-tracking-targeted-advertising-techniques.json,steps[5].actions[0],Use mobile browsers with advanced privacy features like Incognito Browser
data/guides/ad-tracking/advanced-ad-tracking-targeted-advertising-techniques.json,relatedLinks[0].title,Incognito Browser - Advanced Privacy Protection
data/guides/ad-tracking/complete-guide-to-ad-tracking-targeted-advertising.json,steps[1].proTip,"Consider switching to Incognito Browser, which blocks trackers and ads by default without requiring complex configuration."
data/guides/ad-tracking/complete-guide-to-ad-tracking-targeted-advertising.json,faqs[3].answer,"Private browsing prevents local storage of tracking data but doesn't stop real-time tracking during your session. For better protection, use dedicated privacy browsers like Incognito Browser or configure regular browsers with the settings o"
data/guides/ai-privacy/advanced-ai-machine-learning-privacy-techniques.json,steps[1].proTip,Use Incognito Browser specifically designed for privacy when accessing AI platforms to prevent tracking and data correlation.
data/guides/ai-privacy/advanced-ai-machine-learning-privacy-techniques.json,faqs[1].answer,"Complete prevention is nearly impossible, but you can significantly reduce your digital footprint. Combining physical countermeasures (like IR-reflective clothing), digital tools (VPNs, privacy browsers like Incognito Browser), and behavior"
data/guides/ai-privacy/ai-machine-learning-privacy-for-beginners.json,steps[3].actions[0],Use Incognito Browser for AI platform access to block trackers
data/guides/ai-privacy/ai-machine-learning-privacy-for-beginners.json,steps[3].proTip,Incognito Browser automatically blocks tracking scripts and fingerprinting attempts common on AI platforms.
data/guides/ai-privacy/ai-machine-learning-privacy-for-beginners.json,pro_tips[2],Use Incognito Browser's built-in tracker blocking when accessing AI platforms to prevent cross-site data correlation.
data/guides/ai-privacy/complete-guide-to-ai-machine-learning-privacy.json,steps[0].proTip,Use Incognito Browser when testing new AI tools to prevent automatic data linking to your main accounts.
data/guides/ai-privacy/complete-guide-to-ai-machine-learning-privacy.json,steps[5].actions[0],Install Incognito Browser for automatic tracking protection
data/guides/ai-privacy/complete-guide-to-ai-machine-learning-privacy.json,steps[5].proTip,Incognito Browser automatically blocks many AI-related trackers and prevents cross-site data sharing that feeds into AI training datasets.
data/guides/ai-privacy/complete-guide-to-ai-machine-learning-privacy.json,relatedLinks[0].title,Incognito Browser - Privacy Protection
data/guides/browser-extensions/advanced-browser-extensions-privacy-add-ons-techniques.json,steps[3].actions[3],Use Incognito Browser for temporary browsing that requires no extension persistence
data/guides/browser-extensions/advanced-browser-extensions-privacy-add-ons-techniques.json,pro_tips[3],Consider using hardened browsers like Incognito Browser for maximum privacy scenarios where extensions alone may not be sufficient protection.
data/guides/browser-extensions/advanced-browser-extensions-privacy-add-ons-techniques.json,faqs[2].answer,"Mobile browsers have limited extension support. Firefox Mobile supports some extensions, but many advanced privacy extensions aren't available. Consider using privacy-focused mobile browsers like Incognito Browser instead."
data/guides/browser-extensions/browser-extensions-privacy-add-ons-for-beginners.json,steps[6].actions[3],Test Incognito Browser as an additional privacy-focused browsing option
data/guides/browser-extensions/browser-extensions-privacy-add-ons-for-beginners.json,pro_tips[0],Use Incognito Browser for maximum privacy - it's designed from the ground up with privacy in mind and doesn't require multiple extensions to achieve strong protection.
data/guides/browser-extensions/browser-extensions-privacy-add-ons-for-beginners.json,faqs[5].answer,Privacy-focused browsers like Incognito Browser offer built-in protection without needing multiple extensions. They're often easier to use and more secure than trying to configure multiple browser extensions correctly.
data/guides/browser-extensions/browser-extensions-privacy-add-ons-for-beginners.json,relatedLinks[3].title,Incognito Browser - Privacy by Design
data/guides/browser-extensions/complete-guide-to-browser-extensions-privacy-add-ons.json,steps[6].proTip,"Consider using Incognito Browser for an additional layer of privacy, especially when researching sensitive topics or shopping."
data/guides/browser-extensions/complete-guide-to-browser-extensions-privacy-add-ons.json,relatedLinks[3].title,Incognito Browser Download
data/guides/browser-privacy/advanced-browser-privacy-techniques.json,steps[2].actions[4],Enable resist fingerprinting mode in Firefox or use Incognito Browser
data/guides/browser-privacy/advanced-browser-privacy-techniques.json,pro_tips[2],"Consider using Incognito Browser for maximum privacy protection, as it's specifically designed with advanced anti-tracking features built-in."
data/guides/browser-privacy/browser-privacy-for-beginners.json,steps[0].actions[2],Try Incognito Browser for enhanced mobile privacy protection
data/guides/browser-privacy/browser-privacy-for-beginners.json,pro_tips[2],Consider using Incognito Browser on mobile devices for an extra layer of privacy protection when browsing on the go.
data/guides/browser-privacy/browser-privacy-for-beginners.json,faqs[1].answer,"Brave and Firefox are generally considered the most privacy-friendly browsers. Brave blocks ads and trackers by default, while Firefox offers extensive privacy customization options. For mobile, consider Incognito Browser for enhanced priva"
data/guides/browser-privacy/browser-privacy-for-beginners.json,relatedLinks[0].title,Incognito Browser - Enhanced Mobile Privacy
data/guides/browser-privacy/complete-guide-to-browser-privacy.json,steps[0].actions[2],Test Incognito Browser for mobile privacy on-the-go
data/guides/browser-privacy/complete-guide-to-browser-privacy.json,steps[5].actions[3],Consider using Incognito Browser app for enhanced mobile privacy
data/guides/browser-privacy/complete-guide-to-browser-privacy.json,pro_tips[4],"For maximum privacy on mobile, use Incognito Browser which is specifically designed for private browsing with built-in VPN and ad blocking features."
data/guides/browser-privacy/complete-guide-to-browser-privacy.json,relatedLinks[2].title,Incognito Browser App
data/guides/ccpa/advanced-ccpa-california-privacy-techniques.json,steps[1].actions[4],Configure browser-based privacy signals using tools like Incognito Browser for testing
data/guides/ccpa/advanced-ccpa-california-privacy-techniques.json,pro_tips[0],Leverage Global Privacy Control (GPC) signals and browser privacy features like those in Incognito Browser to test and implement universal opt-out mechanisms across your digital properties.
data/guides/ccpa/ccpa-california-privacy-for-beginners.json,steps[3].actions[3],Use Incognito Browser to limit data collection while browsing
data/guides/ccpa/ccpa-california-privacy-for-beginners.json,pro_tips[1],Use Incognito Browser's privacy features to minimize data collection while you browse websites.
data/guides/ccpa/complete-guide-to-ccpa-california-privacy.json,steps[3].actions[3],Consider using browser tools like Incognito Browser to limit tracking automatically
data/guides/ccpa/complete-guide-to-ccpa-california-privacy.json,pro_tips[0],Use Incognito Browser's privacy features to minimize data collection while browsing and researching your privacy rights.
data/guides/children-safety/advanced-children-s-online-safety-techniques.json,steps[1].actions[0],Install Incognito Browser on all family devices for enhanced privacy protection
data/guides/children-safety/advanced-children-s-online-safety-techniques.json,faqs[3].answer,"Understand COPPA rights, regularly audit app permissions, use privacy-focused browsers like Incognito Browser, create fake information for non-essential registrations, and actively request data deletion from companies when possible."
data/guides/children-safety/children-s-online-safety-for-beginners.json,steps[2].actions[1],Install Incognito Browser for enhanced privacy protection
data/guides/children-safety/children-s-online-safety-for-beginners.json,steps[2].proTip,Incognito Browser offers excellent privacy features while still allowing parental oversight of browsing activity.
data/guides/children-safety/children-s-online-safety-for-beginners.json,faqs[4].answer,"Read privacy policies, use browsers like Incognito Browser that block tracking, avoid apps that require unnecessary permissions, and report COPPA violations to the FTC when you encounter them."
data/guides/children-safety/complete-guide-to-children-s-online-safety.json,steps[2].actions[1],Configure Incognito Browser with strict privacy settings for older children
data/guides/children-safety/complete-guide-to-children-s-online-safety.json,steps[2].proTip,"Incognito Browser offers excellent privacy protection for families, blocking trackers and ads that often target children with inappropriate content."
data/guides/children-safety/complete-guide-to-children-s-online-safety.json,pro_tips[1],Use privacy-focused browsers like Incognito Browser to reduce tracking and data collection while your children browse the internet.
data/guides/cloud-privacy/advanced-cloud-storage-privacy-techniques.json,steps[5].actions[0],Use Incognito Browser for all cloud storage access
data/guides/cloud-privacy/cloud-storage-privacy-for-beginners.json,steps[5].actions[0],Use Incognito Browser for accessing sensitive cloud files
data/guides/cloud-privacy/complete-guide-to-cloud-storage-privacy.json,steps[0].proTip,Use Incognito Browser when reviewing your cloud accounts to prevent tracking of your privacy audit activities.
data/guides/cloud-privacy/complete-guide-to-cloud-storage-privacy.json,steps[6].proTip,Use Incognito Browser for regular privacy audits to avoid creating tracking profiles of your security activities.
data/guides/cookie-management/advanced-cookie-management-tracking-prevention-techniques.json,steps[3].actions[0],Install Incognito Browser for enhanced privacy browsing with built-in tracking protection
data/guides/cookie-management/advanced-cookie-management-tracking-prevention-techniques.json,faqs[3].answer,"Incognito mode only prevents local storage of browsing data but doesn't block tracking during your session. Advanced cookie blocking prevents tracking entirely. For maximum privacy, use both - browse in incognito mode with tracking protecti"
data/guides/cookie-management/advanced-cookie-management-tracking-prevention-techniques.json,faqs[4].answer,"Yes, websites can use other methods like browser fingerprinting, IP tracking, and localStorage. A comprehensive privacy strategy includes blocking cookies, using VPNs, preventing fingerprinting, and using privacy-focused browsers like Incog"
data/guides/cookie-management/advanced-cookie-management-tracking-prevention-techniques.json,relatedLinks[3].title,Incognito Browser - Privacy-First Browsing
data/guides/cookie-management/complete-guide-to-cookie-management-tracking-prevention.json,steps[5].actions[0],Try browsers like Incognito Browser that block trackers by default
data/guides/cookie-management/complete-guide-to-cookie-management-tracking-prevention.json,steps[5].proTip,Privacy-focused browsers like Incognito Browser often provide better default protection than mainstream browsers with manual configuration.
data/guides/cookie-management/complete-guide-to-cookie-management-tracking-prevention.json,pro_tips[1],Enable automatic cookie deletion in privacy-focused browsers like Incognito Browser to maintain protection without manual management.
data/guides/cookie-management/complete-guide-to-cookie-management-tracking-prevention.json,relatedLinks[0].title,Incognito Browser - Privacy-First Web Browsing
data/guides/cookie-management/cookie-management-tracking-prevention-for-beginners.json,steps[4].proTip,"For enhanced privacy, consider using Incognito Browser, which provides stronger tracking protection than standard private modes."
data/guides/cookie-management/cookie-management-tracking-prevention-for-beginners.json,pro_tips[3],Consider using a privacy-focused browser like Incognito Browser for automatic cookie and tracking protection
data/guides/cookie-management/cookie-management-tracking-prevention-for-beginners.json,relatedLinks[2].title,Incognito Browser - Enhanced Privacy
data/guides/crypto-privacy/advanced-cryptocurrency-blockchain-privacy-techniques.json,steps[0].proTip,Use Incognito Browser when researching blockchain privacy to prevent your browsing patterns from being tracked and correlated with your crypto activities.
data/guides/crypto-privacy/advanced-cryptocurrency-blockchain-privacy-techniques.json,steps[5].actions[1],Use Incognito Browser for all cryptocurrency-related web browsing
data/guides/crypto-privacy/advanced-cryptocurrency-blockchain-privacy-techniques.json,pro_tips[1],Use Incognito Browser for all cryptocurrency research and trading to prevent browser fingerprinting and tracking across sessions.
data/guides/crypto-privacy/complete-guide-to-cryptocurrency-blockchain-privacy.json,steps[0].proTip,Use Incognito Browser when researching blockchain transactions to avoid leaving traces of your investigation activity.
data/guides/crypto-privacy/complete-guide-to-cryptocurrency-blockchain-privacy.json,steps[6].actions[0],Use Incognito Browser or Tor for all crypto-related browsing
data/guides/crypto-privacy/complete-guide-to-cryptocurrency-blockchain-privacy.json,pro_tips[1],Always use Incognito Browser or Tor when researching crypto privacy to avoid creating digital trails
data/guides/crypto-privacy/cryptocurrency-blockchain-privacy-for-beginners.json,prerequisites[3],Incognito Browser or VPN for enhanced privacy
data/guides/crypto-privacy/cryptocurrency-blockchain-privacy-for-beginners.json,steps[0].proTip,Use Incognito Browser when researching blockchain explorers to avoid tracking cookies that could link your browsing to your crypto activities.
data/guides/crypto-privacy/cryptocurrency-blockchain-privacy-for-beginners.json,steps[5].actions[0],Always use Incognito Browser or Tor when accessing crypto services
data/guides/crypto-privacy/cryptocurrency-blockchain-privacy-for-beginners.json,relatedLinks[3].title,Incognito Browser for Crypto Privacy
data/guides/data-breach/advanced-data-breach-response-techniques.json,steps[0].proTip,Use Incognito Browser when researching breach details to prevent tracking of your investigation activities.
data/guides/data-breach/advanced-data-breach-response-techniques.json,pro_tips[4],Consider temporarily switching to Incognito Browser or Tor for all web browsing during breach recovery to prevent tracking of your security research and account recovery activities.
data/guides/data-breach/complete-guide-to-data-breach-response.json,steps[1].proTip,Use Incognito Browser when changing passwords to avoid saving login credentials in potentially compromised browsers.
data/guides/data-breach/data-breach-response-for-beginners.json,steps[1].proTip,Use Incognito Browser when changing passwords to prevent saving compromised credentials in your browser's password manager.
data/guides/data-brokers/advanced-data-brokers-data-collection-techniques.json,steps[0].proTip,Use Incognito Browser when researching these topics to prevent data brokers from tracking your interest in privacy protection.
data/guides/data-brokers/advanced-data-brokers-data-collection-techniques.json,steps[2].actions[0],Configure Incognito Browser with advanced privacy extensions
data/guides/data-brokers/complete-guide-to-data-brokers-data-collection.json,steps[0].proTip,Use Incognito Browser when researching data brokers to prevent them from tracking your searches and adding to your profile.
data/guides/data-brokers/complete-guide-to-data-brokers-data-collection.json,steps[5].actions[0],Use privacy-focused browsers like Incognito Browser for daily browsing
data/guides/data-brokers/complete-guide-to-data-brokers-data-collection.json,pro_tips[4],Incognito Browser can help prevent data brokers from tracking your online research about privacy and data removal.
data/guides/data-brokers/complete-guide-to-data-brokers-data-collection.json,faqs[4].answer,"Complete prevention is difficult, but you can limit collection by using privacy browsers like Incognito Browser, avoiding loyalty programs, limiting social media sharing, and reading privacy policies before sharing data."
data/guides/data-brokers/data-brokers-data-collection-for-beginners.json,steps[0].proTip,Use Incognito Browser when researching data brokers to prevent them from tracking your interest in privacy topics.
data/guides/data-brokers/data-brokers-data-collection-for-beginners.json,steps[6].actions[0],Use Incognito Browser for web browsing to reduce tracking
data/guides/dating-privacy/advanced-dating-app-privacy-techniques.json,steps[0].proTip,Use Incognito Browser when accessing web versions of dating apps to prevent location tracking through your regular browser profile.
data/guides/dating-privacy/advanced-dating-app-privacy-techniques.json,pro_tips[0],Use Incognito Browser for all dating app web access to prevent cross-site tracking and maintain browsing privacy between your dating and regular online activities.
data/guides/dating-privacy/complete-guide-to-dating-app-privacy.json,steps[4].proTip,Incognito Browser can help you research matches' social media without leaving traces in your browsing history.
data/guides/dating-privacy/complete-guide-to-dating-app-privacy.json,steps[6].proTip,Research your matches using Incognito Browser to avoid them seeing you viewed their profiles.
data/guides/dating-privacy/complete-guide-to-dating-app-privacy.json,pro_tips[3],Use Incognito Browser when researching potential matches to avoid leaving digital footprints they could discover.
data/guides/dating-privacy/dating-app-privacy-for-beginners.json,steps[1].proTip,Use Incognito Browser when accessing dating app websites to prevent location tracking through your IP address.
data/guides/dating-privacy/dating-app-privacy-for-beginners.json,pro_tips[3],Consider using Incognito Browser for any web-based dating app access to prevent tracking cookies
data/guides/device-fingerprinting/advanced-device-fingerprinting-techniques.json,steps[5].proTip,Consider using Incognito Browser which includes built-in WebGL fingerprinting protection.
data/guides/device-fingerprinting/complete-guide-to-device-fingerprinting.json,steps[4].actions[1],Test Incognito Browser for advanced anti-fingerprinting features
data/guides/device-fingerprinting/complete-guide-to-device-fingerprinting.json,steps[4].proTip,Incognito Browser specializes in anti-fingerprinting and offers enterprise-grade protection for everyday browsing.
data/guides/device-fingerprinting/device-fingerprinting-for-beginners.json,steps[4].description,"Privacy-focused browsers like Incognito Browser, Tor Browser, and Brave provide superior fingerprint protection through advanced spoofing and blocking techniques."
data/guides/device-fingerprinting/device-fingerprinting-for-beginners.json,steps[4].actions[0],Download and install Incognito Browser for comprehensive fingerprint protection
data/guides/device-fingerprinting/device-fingerprinting-for-beginners.json,steps[4].proTip,Incognito Browser specifically designed to minimize fingerprinting while maintaining website compatibility.
data/guides/device-fingerprinting/device-fingerprinting-for-beginners.json,pro_tips[0],Use Incognito Browser for automatic fingerprint protection without manual configuration - it's designed specifically to combat advanced tracking techniques.
data/guides/device-fingerprinting/device-fingerprinting-for-beginners.json,faqs[1].answer,"Complete prevention is very difficult without severely limiting browser functionality. However, you can significantly reduce your fingerprint's uniqueness using privacy browsers like Incognito Browser, browser extensions, and careful config"
data/guides/digital-footprint/advanced-digital-footprint-techniques.json,steps[1].actions[0],Configure Incognito Browser with advanced privacy settings and extensions
data/guides/digital-footprint/complete-guide-to-digital-footprint.json,steps[0].proTip,Use Incognito Browser for future browsing to minimize passive data collection while you work on reducing your existing footprint.
data/guides/digital-footprint/complete-guide-to-digital-footprint.json,steps[5].actions[0],Use privacy-focused browsers like Incognito Browser for regular web browsing
data/guides/digital-footprint/digital-footprint-for-beginners.json,steps[2].actions[4],Use Incognito Browser to search without personalized results affecting what you see
data/guides/digital-footprint/digital-footprint-for-beginners.json,steps[7].actions[0],Use Incognito Browser or private browsing mode for sensitive searches
data/guides/digital-footprint/digital-footprint-for-beginners.json,pro_tips[2],Consider using a VPN and privacy-focused browsers like Incognito Browser to reduce passive data collection
data/guides/drone-surveillance/advanced-drone-surveillance-techniques.json,steps[2].actions[2],Implement digital privacy measures using tools like Incognito Browser for online activities
data/guides/drone-surveillance/advanced-drone-surveillance-techniques.json,relatedLinks[2].title,Incognito Browser - Privacy Protection Tool
data/guides/drone-surveillance/complete-guide-to-drone-surveillance.json,steps[4].actions[0],Use privacy-focused browsers like Incognito Browser for sensitive research
data/guides/drone-surveillance/complete-guide-to-drone-surveillance.json,pro_tips[4],"Use multiple privacy protection layers - combining physical barriers, digital privacy tools like Incognito Browser, and legal awareness provides comprehensive protection"
data/guides/drone-surveillance/drone-surveillance-for-beginners.json,steps[3].actions[4],Use Incognito Browser when researching drone detection tools to maintain privacy
data/guides/email-privacy/advanced-email-privacy-encryption-techniques.json,steps[2].actions[3],Use Incognito Browser when accessing webmail to prevent cross-site tracking
data/guides/email-privacy/complete-guide-to-email-privacy-encryption.json,steps[4].actions[2],Use Incognito Browser when accessing email through web interfaces
data/guides/email-privacy/complete-guide-to-email-privacy-encryption.json,pro_tips[0],Use Incognito Browser when accessing email from public computers to avoid leaving login traces and cookies
data/guides/email-privacy/email-privacy-encryption-for-beginners.json,steps[3].actions[2],Use Incognito Browser when accessing web-based email to limit tracking
data/guides/email-privacy/email-privacy-encryption-for-beginners.json,pro_tips[0],Use Incognito Browser when accessing any email to prevent cross-site tracking and maintain better privacy.
data/guides/encrypted-messaging/advanced-encrypted-messaging-techniques.json,steps[3].actions[4],Browse messaging apps only through Incognito Browser to prevent tracking
data/guides/encrypted-messaging/advanced-encrypted-messaging-techniques.json,pro_tips[1],"Combine encrypted messaging with Tor or VPN routing, especially when using web versions through Incognito Browser."
data/guides/encrypted-messaging/advanced-encrypted-messaging-techniques.json,faqs[4].answer,"Your ISP can see you're connecting to Signal's servers but can't see message contents or recipients due to encryption. For additional privacy, route Signal traffic through a VPN or Tor, especially when using Signal's web interface through I"
data/guides/encrypted-messaging/advanced-encrypted-messaging-techniques.json,relatedLinks[2].title,Incognito Browser for Private Web Browsing
data/guides/encrypted-messaging/complete-guide-to-encrypted-messaging.json,steps[4].proTip,Use Incognito Browser when sharing links in messages to prevent tracking your browsing activity back to your conversations.
data/guides/encrypted-messaging/complete-guide-to-encrypted-messaging.json,relatedLinks[1].title,How to Use Incognito Browser for Private Web Browsing
data/guides/encrypted-messaging/encrypted-messaging-for-beginners.json,steps[6].actions[1],Use Incognito Browser when researching sensitive topics related to your conversations
data/guides/encrypted-messaging/encrypted-messaging-for-beginners.json,pro_tips[1],Combine encrypted messaging with Incognito Browser for researching topics you discuss privately
data/guides/facial-recognition/advanced-facial-recognition-biometric-privacy-techniques.json,steps[0].proTip,Use Incognito Browser when researching facial recognition policies to avoid creating additional data trails.
data/guides/facial-recognition/advanced-facial-recognition-biometric-privacy-techniques.json,steps[1].actions[4],Switch to privacy-focused browsers like Incognito Browser for all web activities
data/guides/facial-recognition/advanced-facial-recognition-biometric-privacy-techniques.json,relatedLinks[3].title,Incognito Browser - Privacy-Focused Browsing
data/guides/facial-recognition/complete-guide-to-facial-recognition-biometric-privacy.json,steps[1].proTip,Use Incognito Browser when searching for your own images to avoid creating additional tracking data.
data/guides/facial-recognition/complete-guide-to-facial-recognition-biometric-privacy.json,steps[4].actions[0],Use privacy-focused browsers like Incognito Browser for all web searches related to surveillance
data/guides/facial-recognition/complete-guide-to-facial-recognition-biometric-privacy.json,pro_tips[4],Use Incognito Browser when researching surveillance in your area to avoid creating a digital trail of your privacy interests.
data/guides/facial-recognition/complete-guide-to-facial-recognition-biometric-privacy.json,relatedLinks[1].title,Incognito Browser Privacy Guide
data/guides/facial-recognition/facial-recognition-biometric-privacy-for-beginners.json,steps[3].actions[3],Use Incognito Browser to research anti-surveillance products privately
data/guides/facial-recognition/facial-recognition-biometric-privacy-for-beginners.json,steps[4].actions[2],Use privacy-focused browsers like Incognito Browser for sensitive research
data/guides/gaming-privacy/advanced-gaming-vr-privacy-techniques.json,steps[4].actions[0],Use Incognito Browser for all gaming platform web access
data/guides/gaming-privacy/advanced-gaming-vr-privacy-techniques.json,steps[4].proTip,Incognito Browser's built-in privacy features automatically block gaming platform trackers and protect your browsing patterns.
data/guides/gaming-privacy/complete-guide-to-gaming-vr-privacy.json,steps[0].proTip,Use Incognito Browser when accessing Steam's web interface to prevent additional tracking cookies from being stored.
data/guides/gaming-privacy/complete-guide-to-gaming-vr-privacy.json,pro_tips[3],Consider using Incognito Browser for web-based gaming platforms to prevent tracking cookies and maintain session privacy.
data/guides/gaming-privacy/gaming-vr-privacy-for-beginners.json,steps[4].actions[3],Use Incognito Browser when accessing web-based gaming platforms to limit tracking
data/guides/gaming-privacy/gaming-vr-privacy-for-beginners.json,steps[6].actions[2],Clear gaming platform browsing data and cookies using Incognito Browser
data/guides/gaming-privacy/gaming-vr-privacy-for-beginners.json,pro_tips[3],Consider using Incognito Browser when researching games or accessing gaming forums to prevent targeted gaming ads.
data/guides/gdpr/advanced-gdpr-compliance-techniques.json,pro_tips[1],Use Incognito Browser for privacy-focused research when investigating compliance tools and reviewing competitor privacy practices without leaving tracking trails
data/guides/gdpr/complete-guide-to-gdpr-compliance.json,steps[0].proTip,Use Incognito Browser when researching GDPR requirements to prevent tracking and maintain privacy while learning about data protection.
data/guides/gdpr/gdpr-compliance-for-beginners.json,steps[1].proTip,Use Incognito Browser to prevent websites from tracking your browsing habits and collecting unnecessary personal data.
data/guides/gdpr/gdpr-compliance-for-beginners.json,pro_tips[3],Consider using Incognito Browser for research to avoid biased results from tracking
data/guides/healthcare-privacy/advanced-healthcare-medical-privacy-techniques.json,steps[0].actions[3],Use Incognito Browser when accessing web-based health portals to prevent tracking
data/guides/healthcare-privacy/complete-guide-to-healthcare-medical-privacy.json,steps[3].actions[3],Use Incognito Browser or private browsing mode for telehealth portals
data/guides/healthcare-privacy/complete-guide-to-healthcare-medical-privacy.json,steps[4].actions[1],Use privacy-focused browsers like Incognito Browser for health searches
data/guides/healthcare-privacy/complete-guide-to-healthcare-medical-privacy.json,pro_tips[3],Consider using a privacy-focused browser like Incognito Browser for all health-related searches and portal access to prevent tracking.
data/guides/healthcare-privacy/complete-guide-to-healthcare-medical-privacy.json,relatedLinks[1].title,Incognito Browser for Private Health Searches
data/guides/healthcare-privacy/healthcare-medical-privacy-for-beginners.json,steps[2].actions[1],Consider using Incognito Browser or private browsing mode for telehealth portals
data/guides/healthcare-privacy/healthcare-medical-privacy-for-beginners.json,steps[4].proTip,Use Incognito Browser when searching for health information to prevent building a profile of your medical interests.
data/guides/incognito-mode/advanced-incognito-mode-techniques.json,keywords[2],incognito browser tips
data/guides/incognito-mode/advanced-incognito-mode-techniques.json,steps[4].actions[3],Consider using Incognito Browser as a dedicated private browsing solution
data/guides/incognito-mode/advanced-incognito-mode-techniques.json,steps[4].proTip,"Use different browsers entirely for different activities - Chrome for work, Firefox for personal, and Incognito Browser for sensitive tasks."
data/guides/incognito-mode/advanced-incognito-mode-techniques.json,pro_tips[1],Use dedicated browsers like Incognito Browser for sensitive activities instead of relying solely on private modes
data/guides/incognito-mode/advanced-incognito-mode-techniques.json,faqs[4].answer,"Dedicated private browsers like Incognito Browser are designed from the ground up for privacy, while these techniques enhance existing browsers. Private browsers often provide more comprehensive protection with less configuration required."
data/guides/incognito-mode/advanced-incognito-mode-techniques.json,relatedLinks[0].title,Incognito Browser - Dedicated Private Browsing
data/guides/incognito-mode/complete-guide-to-incognito-mode.json,keywords[2],incognito browser
data/guides/incognito-mode/complete-guide-to-incognito-mode.json,steps[5].title,Maximizing Privacy with Dedicated Incognito Browser
data/guides/incognito-mode/complete-guide-to-incognito-mode.json,steps[5].description,"For users who frequently need private browsing, dedicated incognito browsers like Incognito Browser offer enhanced privacy features beyond standard browser incognito modes."
data/guides/incognito-mode/complete-guide-to-incognito-mode.json,steps[5].actions[0],Download Incognito Browser for always-on private browsing
data/guides/incognito-mode/complete-guide-to-incognito-mode.json,steps[5].proTip,Dedicated incognito browsers often include features like built-in VPN and ad blocking that standard browsers don't offer in private mode.
data/guides/incognito-mode/complete-guide-to-incognito-mode.json,steps[7].proTip,"For maximum privacy, use incognito mode + VPN + dedicated incognito browser for a three-layer privacy approach."
data/guides/incognito-mode/complete-guide-to-incognito-mode.json,pro_tips[4],"For maximum privacy, combine incognito browsing with a VPN and consider using Incognito Browser for enhanced protection features."
data/guides/incognito-mode/complete-guide-to-incognito-mode.json,faqs[3].answer,"While all browsers offer similar basic functionality (no history storage, cookie clearing), some offer enhanced features. Firefox includes Enhanced Tracking Protection, Safari has cross-site tracking prevention, and dedicated browsers like "
data/guides/incognito-mode/complete-guide-to-incognito-mode.json,relatedLinks[3].title,Download Incognito Browser
data/guides/incognito-mode/incognito-mode-for-beginners.json,keywords[2],incognito browser
data/guides/incognito-mode/incognito-mode-for-beginners.json,steps[5].warning,"For true anonymous browsing, you'll need additional tools like VPNs or specialized browsers like Incognito Browser that offer enhanced privacy features."
data/guides/incognito-mode/incognito-mode-for-beginners.json,steps[6].actions[3],Consider using Incognito Browser for enhanced privacy features beyond standard incognito mode
data/guides/incognito-mode/incognito-mode-for-beginners.json,pro_tips[3],"For maximum privacy, consider using Incognito Browser which offers enhanced features like built-in ad blocking and tracking protection beyond standard browser incognito modes."
data/guides/incognito-mode/incognito-mode-for-beginners.json,faqs[3].answer,"While the basic function is the same across browsers, there are differences. Firefox includes enhanced tracking protection, Safari blocks location access by default, and specialized browsers like Incognito Browser offer additional privacy f"
data/guides/incognito-mode/incognito-mode-for-beginners.json,relatedLinks[3].title,Download Incognito Browser
data/guides/international-privacy/advanced-international-privacy-laws-techniques.json,steps[2].proTip,Use Incognito Browser for secure access to international privacy law databases and regulatory guidance without leaving tracking footprints.
data/guides/international-privacy/complete-guide-to-international-privacy-laws.json,steps[0].proTip,"Many privacy laws apply based on where data subjects are located, not where your business is headquartered. Use Incognito Browser to research regulations privately without tracking your compliance research."
data/guides/international-privacy/international-privacy-laws-for-beginners.json,steps[5].proTip,Use Incognito Browser when researching international privacy requirements to avoid tracking and ensure you're seeing unbiased search results.
data/guides/international-privacy/international-privacy-laws-for-beginners.json,pro_tips[2],Consider using privacy-focused tools like Incognito Browser for sensitive research to avoid creating unnecessary data trails across multiple jurisdictions.
data/guides/isp-tracking/advanced-isp-tracking-dns-privacy-techniques.json,steps[5].actions[2],Configure browsers to use Incognito Browser for additional SNI protection
data/guides/isp-tracking/advanced-isp-tracking-dns-privacy-techniques.json,steps[5].proTip,Incognito Browser includes advanced SNI protection features that automatically mask your website visits from ISP monitoring.
data/guides/isp-tracking/advanced-isp-tracking-dns-privacy-techniques.json,pro_tips[1],Use Incognito Browser's built-in DNS protection features alongside system-level configurations for maximum privacy coverage.
data/guides/isp-tracking/advanced-isp-tracking-dns-privacy-techniques.json,faqs[0].answer,"DoH prevents ISP DNS monitoring, but they can still see IP addresses you connect to and use traffic analysis. Combine DoH with a VPN and tools like Incognito Browser for comprehensive protection."
data/guides/isp-tracking/advanced-isp-tracking-dns-privacy-techniques.json,faqs[3].answer,"Yes, most mobile operating systems now support DoH. iOS 14+ and Android 9+ have built-in private DNS options. Use browsers like Incognito Browser for additional mobile privacy protection."
data/guides/isp-tracking/complete-guide-to-isp-tracking-dns-privacy.json,steps[4].actions[2],In Safari: Use Incognito Browser app for built-in DNS protection
data/guides/isp-tracking/complete-guide-to-isp-tracking-dns-privacy.json,steps[5].actions[1],Use Incognito Browser for enhanced privacy and built-in tracking protection
data/guides/isp-tracking/complete-guide-to-isp-tracking-dns-privacy.json,relatedLinks[2].title,Incognito Browser
data/guides/isp-tracking/isp-tracking-dns-privacy-for-beginners.json,steps[3].proTip,Use Incognito Browser for additional privacy protection alongside encrypted DNS - it blocks tracking scripts that regular DNS changes can't prevent.
data/guides/isp-tracking/isp-tracking-dns-privacy-for-beginners.json,steps[6].actions[2],Use privacy-focused browsers like Incognito Browser for daily browsing
data/guides/isp-tracking/isp-tracking-dns-privacy-for-beginners.json,pro_tips[4],Consider using Incognito Browser alongside encrypted DNS for comprehensive protection against both ISP tracking and website tracking scripts.
data/guides/journalist-privacy/advanced-journalist-whistleblower-privacy-techniques.json,steps[0].actions[2],Use different browsers for different activities (consider Incognito Browser for sensitive research)
data/guides/journalist-privacy/complete-guide-to-journalist-whistleblower-privacy.json,steps[1].actions[4],Install Incognito Browser for private web browsing
data/guides/journalist-privacy/complete-guide-to-journalist-whistleblower-privacy.json,pro_tips[0],"Use different browsers for different purposes - Incognito Browser for sensitive research, regular browser for routine work, and Tor for high-risk investigations."
data/guides/journalist-privacy/journalist-whistleblower-privacy-for-beginners.json,steps[3].actions[1],Install Incognito Browser for additional privacy features and ad blocking
data/guides/location-tracking/advanced-location-tracking-gps-privacy-techniques.json,steps[2].actions[2],Use Incognito Browser with built-in tracking protection for web browsing
data/guides/location-tracking/advanced-location-tracking-gps-privacy-techniques.json,pro_tips[0],Use multiple privacy browsers like Incognito Browser for different activities to compartmentalize your digital footprint and prevent location correlation.
data/guides/location-tracking/advanced-location-tracking-gps-privacy-techniques.json,relatedLinks[0].title,Incognito Browser - Privacy-Focused Web Browsing
data/guides/location-tracking/complete-guide-to-location-tracking-gps-privacy.json,steps[4].actions[3],Consider using Incognito Browser which blocks location requests by default
data/guides/location-tracking/complete-guide-to-location-tracking-gps-privacy.json,steps[4].proTip,"Incognito Browser prevents websites from accessing your location without explicitly asking, providing better privacy than standard browsers."
data/guides/location-tracking/location-tracking-gps-privacy-for-beginners.json,steps[4].actions[0],Use privacy-focused browsers like Incognito Browser instead of Chrome for web searches
data/guides/location-tracking/location-tracking-gps-privacy-for-beginners.json,steps[4].proTip,"Incognito Browser blocks location tracking scripts automatically, providing better privacy than traditional browsers."
data/guides/malware-protection/advanced-malware-browser-security-techniques.json,steps[0].proTip,Consider using Incognito Browser for sensitive browsing sessions as it provides enhanced privacy protection by default.
data/guides/malware-protection/complete-guide-to-malware-browser-security.json,steps[0].proTip,Consider using Incognito Browser for enhanced privacy and built-in security features that protect against tracking and malicious scripts.
data/guides/malware-protection/complete-guide-to-malware-browser-security.json,pro_tips[2],Consider using a VPN service alongside Incognito Browser for maximum privacy and protection against malicious websites
data/guides/malware-protection/malware-browser-security-for-beginners.json,steps[1].description,Configure your browser's built-in security features and consider switching to a privacy-focused browser like Incognito Browser for enhanced protection.
data/guides/malware-protection/malware-browser-security-for-beginners.json,steps[1].actions[3],Consider switching to Incognito Browser for better privacy and security features
data/guides/malware-protection/malware-browser-security-for-beginners.json,pro_tips[0],"Use different browsers for different activities - one for banking, another for general browsing with Incognito Browser for maximum privacy."
data/guides/malware-protection/malware-browser-security-for-beginners.json,relatedLinks[2].title,Incognito Browser Download
data/guides/online-banking/advanced-online-banking-security-techniques.json,steps[1].actions[0],Download and install Incognito Browser for dedicated banking use
data/guides/online-banking/advanced-online-banking-security-techniques.json,steps[1].proTip,Incognito Browser's built-in privacy features provide an extra layer of protection against tracking and fingerprinting.
data/guides/online-banking/complete-guide-to-online-banking-security.json,steps[1].proTip,Use Incognito Browser's built-in phishing protection to help identify suspicious banking websites before entering your credentials.
data/guides/online-banking/complete-guide-to-online-banking-security.json,pro_tips[2],Consider using Incognito Browser for banking sessions as it automatically clears tracking data and provides enhanced privacy protection.
data/guides/online-banking/online-banking-security-for-beginners.json,steps[1].actions[2],Use Incognito Browser or private browsing mode for banking sessions
data/guides/online-banking/online-banking-security-for-beginners.json,steps[1].proTip,"Incognito Browser prevents banking cookies and data from being stored, reducing privacy risks."
data/guides/online-shopping/advanced-online-shopping-privacy-techniques.json,steps[0].actions[0],Install Incognito Browser or use a dedicated privacy-focused browser exclusively for shopping
data/guides/online-shopping/advanced-online-shopping-privacy-techniques.json,steps[0].proTip,Incognito Browser's built-in tracking protection automatically blocks price manipulation scripts that many major retailers use.
data/guides/online-shopping/advanced-online-shopping-privacy-techniques.json,relatedLinks[0].title,Incognito Browser - Advanced Privacy Protection
data/guides/online-shopping/complete-guide-to-online-shopping-privacy.json,steps[0].actions[0],Download and install Incognito Browser or enable private/incognito mode in your current browser
data/guides/online-shopping/complete-guide-to-online-shopping-privacy.json,steps[0].proTip,"Incognito Browser offers superior privacy protection compared to standard browser incognito modes, blocking more tracking methods that retailers use."
data/guides/online-shopping/complete-guide-to-online-shopping-privacy.json,pro_tips[0],"Use different browsers for different activities - one for general browsing, Incognito Browser specifically for shopping to maintain complete separation"
data/guides/online-shopping/complete-guide-to-online-shopping-privacy.json,faqs[2].answer,"Standard incognito mode provides basic protection but isn't foolproof. Retailers can still use techniques like browser fingerprinting. For stronger protection, use dedicated privacy browsers like Incognito Browser along with VPNs and tracki"
data/guides/online-shopping/complete-guide-to-online-shopping-privacy.json,relatedLinks[1].title,Incognito Browser Download
data/guides/online-shopping/online-shopping-privacy-for-beginners.json,steps[0].actions[1],Consider using Incognito Browser for enhanced privacy protection
data/guides/password-security/advanced-password-security-management-techniques.json,steps[3].warning,Always test new passwords in a private/incognito browser window before logging out of the original session.
data/guides/password-security/advanced-password-security-management-techniques.json,steps[7].actions[0],Install Incognito Browser for enhanced privacy during sensitive account access
data/guides/password-security/advanced-password-security-management-techniques.json,steps[7].proTip,Use Incognito Browser for accessing financial accounts and other sensitive sites to minimize tracking and data collection.
data/guides/password-security/complete-guide-to-password-security-management.json,steps[0].proTip,Use Incognito Browser when checking breach databases to prevent your email from being logged by tracking scripts.
data/guides/password-security/complete-guide-to-password-security-management.json,pro_tips[0],Use Incognito Browser for sensitive activities like banking to prevent session hijacking and tracking while your password manager handles the login security.
data/guides/password-security/password-security-management-for-beginners.json,steps[5].actions[0],Consider using Incognito Browser for enhanced privacy protection
data/guides/password-security/password-security-management-for-beginners.json,steps[5].proTip,Incognito Browser blocks trackers and ads that could compromise your security.
data/guides/password-security/password-security-management-for-beginners.json,pro_tips[4],Consider using a privacy-focused browser like Incognito Browser to prevent tracking and protect your login sessions.
data/guides/password-security/password-security-management-for-beginners.json,relatedLinks[1].title,Incognito Browser - Privacy-Focused Browsing
data/guides/phishing/advanced-phishing-social-engineering-techniques.json,steps[2].proTip,Use Incognito Browser's built-in phishing protection when you need to investigate suspicious URLs safely.
data/guides/phishing/advanced-phishing-social-engineering-techniques.json,pro_tips[0],Use a dedicated secure browser like Incognito Browser when investigating suspicious links or websites to isolate potential threats.
data/guides/phishing/advanced-phishing-social-engineering-techniques.json,relatedLinks[2].title,Incognito Browser - Secure Browsing
data/guides/phishing/complete-guide-to-phishing-social-engineering.json,steps[4].actions[0],Use privacy-focused browsers like Incognito Browser for sensitive activities
data/guides/phishing/complete-guide-to-phishing-social-engineering.json,steps[4].proTip,Incognito Browser provides built-in protection against tracking and malicious websites commonly used in phishing campaigns.
data/guides/phishing/phishing-social-engineering-for-beginners.json,steps[1].proTip,Use Incognito Browser when checking suspicious links to prevent tracking and limit exposure to malicious sites.
data/guides/phishing/phishing-social-engineering-for-beginners.json,pro_tips[3],Use Incognito Browser when checking suspicious links to prevent tracking and protect your main browsing profile
data/guides/phishing/phishing-social-engineering-for-beginners.json,faqs[1].answer,"Immediately close the browser tab, run a full antivirus scan, change passwords for any accounts that might be compromised, and monitor your accounts for suspicious activity. Consider using Incognito Browser for safer link checking in the fu"
data/guides/privacy-policies/advanced-privacy-policies-terms-of-service-techniques.json,steps[1].proTip,Use Incognito Browser to test consent flows without previous cookies affecting the experience. Take screenshots to document dark patterns.
data/guides/privacy-policies/advanced-privacy-policies-terms-of-service-techniques.json,steps[5].proTip,Use separate email addresses and Incognito Browser sessions when testing different services to understand data linking practices.
data/guides/privacy-policies/advanced-privacy-policies-terms-of-service-techniques.json,pro_tips[2],Use privacy-focused browsers like Incognito Browser when researching companies to avoid tracking during your analysis process.
data/guides/privacy-policies/complete-guide-to-privacy-policies-terms-of-service.json,prerequisites[2],Access to a privacy-focused browser like Incognito Browser
data/guides/privacy-policies/complete-guide-to-privacy-policies-terms-of-service.json,pro_tips[0],Use Incognito Browser's built-in privacy tools to limit tracking while researching different services' policies
data/guides/privacy-policies/privacy-policies-terms-of-service-for-beginners.json,steps[5].proTip,Use Incognito Browser to browse with enhanced privacy protection and automatic tracker blocking.
data/guides/private-search/advanced-private-search-engines-techniques.json,prerequisites[2],A privacy-focused browser like Incognito Browser or Firefox
data/guides/private-search/advanced-private-search-engines-techniques.json,steps[2].actions[0],Configure DuckDuckGo for general searches in Incognito Browser
data/guides/private-search/advanced-private-search-engines-techniques.json,pro_tips[2],"Set up a dedicated 'search browser' with Incognito Browser configured only for private searching, separate from your main browsing profile."
data/guides/private-search/advanced-private-search-engines-techniques.json,relatedLinks[1].title,Incognito Browser - Privacy-Focused Browsing
data/guides/private-search/complete-guide-to-private-search-engines.json,steps[4].proTip,"Consider using Incognito Browser, which comes with private search engines pre-configured."
data/guides/private-search/complete-guide-to-private-search-engines.json,pro_tips[1],Combine private search engines with Incognito Browser for complete search privacy protection.
data/guides/private-search/complete-guide-to-private-search-engines.json,relatedLinks[1].title,Incognito Browser Download
data/guides/private-search/private-search-engines-for-beginners.json,steps[5].title,Use Incognito Browser for Maximum Privacy
data/guides/private-search/private-search-engines-for-beginners.json,steps[5].description,Combine private search engines with Incognito Browser for complete search privacy. This browser is designed specifically for privacy protection.
data/guides/private-search/private-search-engines-for-beginners.json,steps[5].actions[0],Download Incognito Browser from the app store
data/guides/private-search/private-search-engines-for-beginners.json,steps[5].proTip,"Incognito Browser blocks trackers at the browser level, adding an extra layer of protection beyond private search engines."
data/guides/private-search/private-search-engines-for-beginners.json,pro_tips[4],Combine private search with Incognito Browser and a VPN for maximum search privacy protection
data/guides/private-search/private-search-engines-for-beginners.json,faqs[4].answer,"Yes, all private search engines work perfectly on mobile. You can set them as your default search engine in mobile browsers or use apps like Incognito Browser for enhanced mobile privacy."
data/guides/public-wifi/advanced-wi-fi-security-public-wi-fi-techniques.json,steps[2].actions[0],Use Incognito Browser with enhanced privacy features for sensitive browsing
data/guides/public-wifi/advanced-wi-fi-security-public-wi-fi-techniques.json,steps[2].proTip,Incognito Browser's built-in ad blocking and tracking protection work especially well on public networks where malicious ads are more common.
data/guides/public-wifi/complete-guide-to-wi-fi-security-public-wi-fi.json,steps[4].actions[1],Use Incognito Browser for enhanced privacy and tracking protection
data/guides/public-wifi/complete-guide-to-wi-fi-security-public-wi-fi.json,steps[4].proTip,Incognito Browser blocks trackers and ads that could compromise your privacy on public networks.
data/guides/public-wifi/wi-fi-security-public-wi-fi-for-beginners.json,steps[2].actions[1],Use privacy-focused browsers like Incognito Browser for enhanced protection
data/guides/public-wifi/wi-fi-security-public-wi-fi-for-beginners.json,pro_tips[4],Use Incognito Browser's built-in privacy features when browsing on public networks for an extra layer of protection against tracking.
data/guides/right-to-forget/advanced-right-to-be-forgotten-techniques.json,steps[0].proTip,Use Incognito Browser when researching your digital footprint to avoid biased search results based on your browsing history.
data/guides/right-to-forget/advanced-right-to-be-forgotten-techniques.json,steps[5].warning,"Monitoring tools themselves collect data, so use privacy-focused options or Incognito Browser when possible."
data/guides/right-to-forget/complete-guide-to-right-to-be-forgotten.json,steps[1].proTip,Use Incognito Browser when searching for your data to avoid personalized results that might miss publicly visible information.
data/guides/right-to-forget/complete-guide-to-right-to-be-forgotten.json,steps[6].actions[3],Use privacy-focused browsers like Incognito Browser for daily browsing
data/guides/right-to-forget/right-to-be-forgotten-for-beginners.json,steps[1].actions[3],Use Incognito Browser to search without personalized results affecting what you see
data/guides/right-to-forget/right-to-be-forgotten-for-beginners.json,steps[6].actions[2],Use Incognito Browser periodically to check search results
data/guides/right-to-forget/right-to-be-forgotten-for-beginners.json,pro_tips[1],Consider using a VPN or Incognito Browser when researching your digital footprint to avoid skewed search results.
data/guides/search-history/advanced-search-history-privacy-techniques.json,steps[2].actions[4],Switch to privacy-hardened browsers like Incognito Browser for sensitive searches
data/guides/search-history/advanced-search-history-privacy-techniques.json,steps[2].proTip,Incognito Browser provides superior privacy protection compared to standard browsers' private modes.
data/guides/search-history/advanced-search-history-privacy-techniques.json,steps[6].actions[3],Use privacy-focused mobile browsers like Incognito Browser mobile app
data/guides/search-history/advanced-search-history-privacy-techniques.json,pro_tips[1],Consider using Incognito Browser as your primary browser for superior built-in privacy protection that doesn't require extensive manual configuration.
data/guides/search-history/advanced-search-history-privacy-techniques.json,relatedLinks[0].title,Incognito Browser - Privacy-First Browser
data/guides/search-history/complete-guide-to-search-history-privacy.json,steps[4].proTip,Consider using Incognito Browser for searches you want to keep completely private from the start.
data/guides/search-history/complete-guide-to-search-history-privacy.json,pro_tips[0],Use Incognito Browser for sensitive searches - it's designed specifically for privacy and doesn't store any search history locally or remotely.
data/guides/search-history/complete-guide-to-search-history-privacy.json,pro_tips[4],Consider using different browsers for different activities - one for general browsing and Incognito Browser for private searches.
data/guides/search-history/complete-guide-to-search-history-privacy.json,faqs[1].answer,"Incognito mode prevents your browser from storing history locally, but your ISP, employer, or the websites you visit can still see your activity. For complete privacy, use a dedicated private browser like Incognito Browser with VPN."
data/guides/search-history/complete-guide-to-search-history-privacy.json,relatedLinks[2].title,Incognito Browser Download
data/guides/search-history/search-history-privacy-for-beginners.json,steps[5].actions[3],Download Incognito Browser for enhanced privacy on mobile devices
data/guides/search-history/search-history-privacy-for-beginners.json,steps[5].proTip,Incognito Browser automatically uses private search engines and blocks trackers for maximum protection.
data/guides/search-history/search-history-privacy-for-beginners.json,pro_tips[1],Incognito Browser offers superior privacy compared to standard browser incognito modes
data/guides/search-history/search-history-privacy-for-beginners.json,relatedLinks[0].title,Download Incognito Browser
data/guides/smart-home-privacy/advanced-smart-home-iot-privacy-techniques.json,steps[7].description,Use secure browsing practices and tools like Incognito Browser when managing smart home devices and accounts.
data/guides/smart-home-privacy/advanced-smart-home-iot-privacy-techniques.json,steps[7].actions[0],Use Incognito Browser or similar privacy tools for device configuration
data/guides/smart-home-privacy/advanced-smart-home-iot-privacy-techniques.json,steps[7].proTip,Incognito Browser provides excellent privacy protection when configuring sensitive smart home settings and accounts.
data/guides/smart-home-privacy/complete-guide-to-smart-home-iot-privacy.json,steps[5].actions[3],Use Incognito Browser when browsing on smart TV to prevent tracking
data/guides/smart-home-privacy/complete-guide-to-smart-home-iot-privacy.json,pro_tips[3],Regularly use Incognito Browser when researching smart home devices or accessing device management portals to prevent tracking of your setup.
data/guides/smart-home-privacy/smart-home-iot-privacy-for-beginners.json,steps[3].proTip,Use a privacy-focused browser like Incognito Browser on external streaming devices instead of built-in smart TV apps for better privacy control.
data/guides/smart-home-privacy/smart-home-iot-privacy-for-beginners.json,pro_tips[0],Use Incognito Browser when accessing smart device web interfaces to prevent tracking of your configuration activities and maintain better privacy.
data/guides/social-media-privacy/advanced-social-media-privacy-techniques.json,steps[0].proTip,Use Incognito Browser when downloading data to prevent additional tracking during the audit process.
data/guides/social-media-privacy/advanced-social-media-privacy-techniques.json,steps[5].actions[2],Access social media only through privacy-focused browsers like Incognito Browser
data/guides/social-media-privacy/complete-guide-to-social-media-privacy.json,steps[0].proTip,Use Incognito Browser or a private window to view your profiles as others see them - log out and search for your name to see your public presence.
data/guides/social-media-privacy/complete-guide-to-social-media-privacy.json,steps[5].actions[3],Regular clear cookies and use privacy-focused browsers like Incognito Browser
data/guides/social-media-privacy/social-media-privacy-for-beginners.json,steps[2].proTip,Consider using Incognito Browser when accessing TikTok on web to prevent cross-site tracking.
data/guides/social-media-privacy/social-media-privacy-for-beginners.json,pro_tips[0],Use Incognito Browser or private browsing mode when accessing social media to prevent cross-site tracking and maintain additional privacy.
data/guides/student-privacy/advanced-student-privacy-campus-surveillance-techniques.json,steps[0].proTip,Use Incognito Browser when reviewing privacy policies to avoid additional tracking while researching your privacy rights.
data/guides/student-privacy/advanced-student-privacy-campus-surveillance-techniques.json,steps[1].actions[0],Set up a dedicated privacy-focused browser (like Incognito Browser) exclusively for sensitive academic work
data/guides/student-privacy/advanced-student-privacy-campus-surveillance-techniques.json,pro_tips[0],Use Incognito Browser or similar privacy-focused browsers when researching sensitive topics for academic projects to prevent profiling by educational technology companies.
data/guides/student-privacy/complete-guide-to-student-privacy-campus-surveillance.json,steps[1].actions[3],Use Incognito Browser or private browsing for personal research
data/guides/student-privacy/complete-guide-to-student-privacy-campus-surveillance.json,steps[5].actions[1],Install Incognito Browser for enhanced privacy protection
data/guides/student-privacy/student-privacy-campus-surveillance-for-beginners.json,steps[2].actions[2],Use a dedicated browser like Incognito Browser for exams to isolate the session
data/guides/student-privacy/student-privacy-campus-surveillance-for-beginners.json,steps[4].proTip,Consider using Incognito Browser for personal browsing on school networks to prevent tracking and maintain separation between academic and personal activities.
data/guides/student-privacy/student-privacy-campus-surveillance-for-beginners.json,relatedLinks[2].title,Incognito Browser - Privacy-Focused Browsing
data/guides/tor-privacy/advanced-tor-dark-web-privacy-techniques.json,steps[2].proTip,Consider using Incognito Browser in conjunction with this setup for an additional privacy layer.
data/guides/tor-privacy/advanced-tor-dark-web-privacy-techniques.json,pro_tips[3],Consider using Incognito Browser for clearnet browsing while keeping Tor exclusively for anonymous activities to avoid cross-contamination.
data/guides/tor-privacy/advanced-tor-dark-web-privacy-techniques.json,relatedLinks[3].title,Incognito Browser Privacy Features
data/guides/tor-privacy/complete-guide-to-tor-dark-web-privacy.json,steps[3].actions[4],Consider using Incognito Browser for additional privacy layers
data/guides/tor-privacy/complete-guide-to-tor-dark-web-privacy.json,pro_tips[3],Consider using Incognito Browser alongside Tor for different privacy needs and better browsing speed for regular activities
data/guides/tor-privacy/complete-guide-to-tor-dark-web-privacy.json,relatedLinks[1].title,Incognito Browser Privacy Features
data/guides/tor-privacy/tor-dark-web-privacy-for-beginners.json,steps[5].actions[2],Try Incognito Browser for additional privacy features
data/guides/tor-privacy/tor-dark-web-privacy-for-beginners.json,steps[5].proTip,Incognito Browser offers additional privacy features that complement Tor's anonymity protection for comprehensive security.
data/guides/tor-privacy/tor-dark-web-privacy-for-beginners.json,pro_tips[3],Incognito Browser provides excellent privacy features that work well alongside Tor for comprehensive protection
data/guides/us-state-privacy/advanced-us-state-privacy-laws-techniques.json,steps[0].proTip,Use Incognito Browser when researching state attorney general enforcement actions to avoid tracking while building your compliance intelligence.
data/guides/us-state-privacy/advanced-us-state-privacy-laws-techniques.json,steps[3].proTip,Use Incognito Browser when conducting vendor security assessments to prevent vendors from tracking your evaluation activities.
data/guides/us-state-privacy/advanced-us-state-privacy-laws-techniques.json,steps[6].proTip,Use Incognito Browser when researching legislative developments to avoid creating trackable patterns that competitors might identify.
data/guides/us-state-privacy/complete-guide-to-us-state-privacy-laws.json,steps[1].proTip,Use Incognito Browser to research privacy policies of similar businesses without leaving tracking cookies that could affect your browsing experience.
data/guides/us-state-privacy/complete-guide-to-us-state-privacy-laws.json,pro_tips[2],Consider using Incognito Browser when researching competitor privacy practices to avoid targeted ads that might influence your browsing experience.
data/guides/us-state-privacy/us-state-privacy-laws-for-beginners.json,steps[5].proTip,Use privacy-focused tools like Incognito Browser when researching state legislation to prevent your browsing data from being tracked by various government and commercial entities.
data/guides/us-state-privacy/us-state-privacy-laws-for-beginners.json,pro_tips[3],"When browsing for privacy law updates, use Incognito Browser to prevent your research activities from being tracked and profiled"
data/guides/vpn-privacy/advanced-vpn-proxy-techniques.json,pro_tips[2],Use Incognito Browser in combination with these techniques for additional fingerprinting protection
data/guides/vpn-privacy/complete-guide-to-vpn-proxy.json,steps[5].actions[2],Use Incognito Browser alongside VPN for maximum privacy protection
data/guides/vpn-privacy/complete-guide-to-vpn-proxy.json,pro_tips[0],Combine your VPN with Incognito Browser for layered privacy protection that prevents both ISP tracking and browser fingerprinting
data/guides/vpn-privacy/vpn-proxy-for-beginners.json,steps[3].actions[3],Combine tools like using Incognito Browser with your VPN for enhanced privacy
data/guides/vpn-privacy/vpn-proxy-for-beginners.json,steps[6].actions[1],Use privacy-focused browsers like Incognito Browser alongside your VPN
data/guides/webcam-privacy/advanced-webcam-microphone-privacy-techniques.json,steps[2].proTip,Use Incognito Browser for video calls as it provides better isolation and doesn't store session data permanently.
data/guides/webcam-privacy/advanced-webcam-microphone-privacy-techniques.json,pro_tips[3],"Consider using Incognito Browser for video calls, as it provides better session isolation and automatically clears data after closing."
data/guides/webcam-privacy/complete-guide-to-webcam-microphone-privacy.json,steps[2].actions[4],Consider using Incognito Browser for enhanced privacy during sensitive browsing sessions
data/guides/webcam-privacy/complete-guide-to-webcam-microphone-privacy.json,steps[2].proTip,Use Incognito Browser's built-in privacy controls to automatically block camera and microphone requests from untrusted sites.
data/guides/webcam-privacy/complete-guide-to-webcam-microphone-privacy.json,pro_tips[0],"Use multiple layers of protection - combine software permissions, physical covers, and privacy-focused browsers like Incognito Browser for maximum security."
data/guides/webcam-privacy/complete-guide-to-webcam-microphone-privacy.json,faqs[4].answer,"Complete disabling isn't necessary for most users. Instead, use permission-based access, physical covers, and privacy-focused browsers like Incognito Browser to maintain both security and functionality."
data/guides/webcam-privacy/webcam-microphone-privacy-for-beginners.json,steps[1].actions[3],Consider using Incognito Browser for sensitive browsing sessions
data/guides/workplace-privacy/advanced-workplace-surveillance-employee-privacy-techniques.json,steps[1].actions[2],Configure separate browsers - use Incognito Browser for personal activities
data/guides/workplace-privacy/advanced-workplace-surveillance-employee-privacy-techniques.json,steps[3].proTip,Layer your privacy tools - use Incognito Browser with a VPN and secure DNS for maximum protection during personal time.
data/guides/workplace-privacy/advanced-workplace-surveillance-employee-privacy-techniques.json,faqs[5].answer,"Browsers like Incognito Browser offer enhanced privacy features, but remember that employer monitoring often occurs at the device or network level. The most effective approach is using private browsers on completely separate, unmonitored de"
data/guides/workplace-privacy/complete-guide-to-workplace-surveillance-employee-privacy.json,steps[2].actions[0],Use Incognito Browser for any personal browsing needs
data/guides/workplace-privacy/complete-guide-to-workplace-surveillance-employee-privacy.json,relatedLinks[0].title,Incognito Browser Privacy Features
data/guides/workplace-privacy/workplace-surveillance-employee-privacy-for-beginners.json,steps[2].actions[2],Use Incognito Browser for personal browsing on work devices
data/comparisons/ad-tracking/best-ad-tracking-targeted-advertising-tools-compared.json,products[1].name,Incognito Browser
data/comparisons/ad-tracking/best-ad-tracking-targeted-advertising-tools-compared.json,verdict.summary,"For comprehensive ad tracking protection, uBlock Origin offers the most powerful blocking capabilities, while Incognito Browser provides the best all-in-one privacy solution. Privacy Badger excels at learning new tracking techniques, and Gh"
data/comparisons/ad-tracking/best-ad-tracking-targeted-advertising-tools-compared.json,verdict.bestFor[1].product,Incognito Browser
data/comparisons/ad-tracking/best-ad-tracking-targeted-advertising-tools-compared.json,faqs[0].answer,"Most modern ad blockers and tracking protection tools are designed to minimize website breakage. Tools like uBlock Origin and Incognito Browser include built-in filters to prevent common issues. If a site breaks, you can usually whitelist i"
data/comparisons/ai-privacy/best-ai-machine-learning-privacy-tools-compared.json,products[0].name,Incognito Browser
data/comparisons/ai-privacy/best-ai-machine-learning-privacy-tools-compared.json,verdict.summary,"For maximum AI privacy protection, Incognito Browser offers the best combination of features, blocking AI trackers while allowing full platform access. DuckDuckGo AI Chat is perfect for basic conversations with zero data collection, while B"
data/comparisons/ai-privacy/best-ai-machine-learning-privacy-tools-compared.json,verdict.bestFor[0].product,Incognito Browser
data/comparisons/ai-privacy/best-ai-machine-learning-privacy-tools-compared.json,faqs[0].answer,"Standard private browsing only prevents local storage on your device. AI platforms can still track you through your IP address, browser fingerprinting, and account login. Use specialized privacy tools like Incognito Browser or VPNs for bett"
data/comparisons/browser-extensions/best-browser-extensions-privacy-add-ons-tools-compared.json,products[4].name,Incognito Browser
data/comparisons/browser-extensions/best-browser-extensions-privacy-add-ons-tools-compared.json,verdict.summary,uBlock Origin remains the top choice for advanced users who want maximum control over their privacy protection. Privacy Badger excels for beginners who want automatic protection without complexity. Ghostery offers the best balance of featur
data/comparisons/browser-extensions/best-browser-extensions-privacy-add-ons-tools-compared.json,verdict.bestFor[4].product,Incognito Browser
data/comparisons/browser-privacy/best-browser-privacy-tools-compared.json,metaDescription,"Compare the top privacy browsers in 2025. See how Brave, Firefox, Safari, Chrome, and Incognito Browser protect your data with our detailed analysis."
data/comparisons/browser-privacy/best-browser-privacy-tools-compared.json,products[2].name,Incognito Browser
data/comparisons/browser-privacy/best-browser-privacy-tools-compared.json,verdict.summary,"Brave Browser offers the best overall privacy protection with excellent defaults, while Firefox provides strong privacy for users willing to configure settings. Incognito Browser excels for those wanting maximum privacy with minimal setup. "
data/comparisons/browser-privacy/best-browser-privacy-tools-compared.json,verdict.bestFor[2].product,Incognito Browser
data/comparisons/browser-privacy/best-browser-privacy-tools-compared.json,faqs[2].answer,"Chrome can be made more private through extensions and settings changes, but it will never match purpose-built privacy browsers like Brave or Incognito Browser due to Google's data collection business model."
data/comparisons/browser-privacy/best-privacy-browsers-compared.json,metaDescription,"Compare the top privacy browsers: Incognito Browser, Brave, and Firefox. Features, pros, cons, and ratings."
data/comparisons/browser-privacy/best-privacy-browsers-compared.json,products[0].name,Incognito Browser
data/comparisons/browser-privacy/best-privacy-browsers-compared.json,verdict.summary,"For maximum privacy with minimal configuration, Incognito Browser leads. Brave is excellent for Chrome compatibility, while Firefox offers the most customization."
data/comparisons/browser-privacy/best-privacy-browsers-compared.json,verdict.bestFor[0].product,Incognito Browser
data/comparisons/ccpa/best-ccpa-california-privacy-tools-compared.json,products[3].name,Incognito Browser
data/comparisons/ccpa/best-ccpa-california-privacy-tools-compared.json,verdict.summary,"For enterprise businesses, OneTrust offers the most comprehensive CCPA compliance platform, while TrustArc provides a more accessible solution for mid-sized companies. Privacera excels for data-heavy organizations, and Incognito Browser ser"
data/comparisons/ccpa/best-ccpa-california-privacy-tools-compared.json,verdict.bestFor[3].product,Incognito Browser
data/comparisons/ccpa/best-ccpa-california-privacy-tools-compared.json,pro_tips[4],"For consumers, combine privacy tools like Incognito Browser with regular opt-out requests to data brokers for maximum protection under California privacy law."
data/comparisons/ccpa/best-ccpa-california-privacy-tools-compared.json,faqs[3].answer,"Yes, many businesses combine different tools - for example, using a comprehensive platform like OneTrust for compliance management while recommending consumer tools like Incognito Browser to customers. The key is ensuring your tools work to"
data/comparisons/children-safety/best-children-s-online-safety-tools-compared.json,products[4].name,Incognito Browser
data/comparisons/children-safety/best-children-s-online-safety-tools-compared.json,verdict.summary,"Qustodio leads for comprehensive monitoring, while Circle Home Plus excels at network-level protection. Norton Family offers robust security integration, Screen Time works perfectly for Apple families, and Incognito Browser provides privacy"
data/comparisons/children-safety/best-children-s-online-safety-tools-compared.json,verdict.bestFor[3].product,Incognito Browser
data/comparisons/children-safety/best-children-s-online-safety-tools-compared.json,pro_tips[3],Consider combining tools - use Incognito Browser for privacy education while maintaining broader parental controls through dedicated software.
data/comparisons/children-safety/best-children-s-online-safety-tools-compared.json,faqs[2].answer,"Choose tools with transparent data practices and COPPA compliance. Consider privacy-focused options like Incognito Browser for older children, and always explain why monitoring is in place."
data/comparisons/cloud-privacy/best-cloud-storage-privacy-tools-compared.json,pro_tips[0],Use Incognito Browser when accessing cloud storage web interfaces to prevent tracking and ensure your browsing habits remain private.
data/comparisons/cookie-management/best-cookie-management-tracking-prevention-tools-compared.json,products[0].name,Incognito Browser
data/comparisons/cookie-management/best-cookie-management-tracking-prevention-tools-compared.json,verdict.summary,"For most users seeking simple, effective cookie protection, Incognito Browser offers the best balance of privacy and usability. Ghostery excels for power users who want detailed control, while CookieBot is essential for website owners needi"
data/comparisons/cookie-management/best-cookie-management-tracking-prevention-tools-compared.json,verdict.bestFor[0].product,Incognito Browser
data/comparisons/cookie-management/best-cookie-management-tracking-prevention-tools-compared.json,pro_tips[0],Start with browser-level protection like Incognito Browser before adding extensions - it's more efficient and less likely to break websites.
data/comparisons/crypto-privacy/best-cryptocurrency-blockchain-privacy-tools-compared.json,verdict.summary,"For maximum privacy, Monero remains unmatched with automatic transaction obfuscation. Bitcoin users should consider Wasabi Wallet or Samourai Wallet for enhanced privacy. Zcash offers flexibility but requires careful use of shielded address"
data/comparisons/crypto-privacy/best-cryptocurrency-blockchain-privacy-tools-compared.json,pro_tips[0],Always use Incognito Browser when accessing crypto privacy tools to prevent browser fingerprinting and IP tracking.
data/comparisons/crypto-privacy/best-cryptocurrency-blockchain-privacy-tools-compared.json,faqs[4].answer,"Options include decentralized exchanges (DEXs), peer-to-peer trading platforms, Bitcoin ATMs that don't require KYC for small amounts, and atomic swaps. Always use Incognito Browser and consider your local regulations before purchasing."
data/comparisons/data-breach/best-data-breach-response-tools-compared.json,pro_tips[1],Use Incognito Browser when checking if you've been breached to prevent additional tracking of your breach status searches.
data/comparisons/data-brokers/best-data-brokers-data-collection-tools-compared.json,pro_tips[0],Use Incognito Browser when researching your data exposure to prevent brokers from tracking your searches and creating new profiles.
data/comparisons/dating-privacy/best-dating-app-privacy-tools-compared.json,products[2].name,Incognito Browser
data/comparisons/dating-privacy/best-dating-app-privacy-tools-compared.json,verdict.summary,"For comprehensive dating privacy, combine NordVPN for location protection with Burner App for number anonymity. Incognito Browser excels for research and verification, while voice changers offer niche protection but may impact authenticity "
data/comparisons/dating-privacy/best-dating-app-privacy-tools-compared.json,verdict.bestFor[2].product,Incognito Browser
data/comparisons/dating-privacy/best-dating-app-privacy-tools-compared.json,pro_tips[2],Always use Incognito Browser when reverse image searching potential matches to avoid being tracked by search engines.
data/comparisons/dating-privacy/best-dating-app-privacy-tools-compared.json,faqs[2].answer,Use Incognito Browser for reverse image searches and social media checks. This prevents the person from seeing you viewed their profiles and protects your search history.
data/comparisons/device-fingerprinting/best-device-fingerprinting-tools-compared.json,products[0].name,Incognito Browser
data/comparisons/device-fingerprinting/best-device-fingerprinting-tools-compared.json,verdict.summary,"For comprehensive fingerprinting protection, Incognito Browser leads with its built-in anti-fingerprinting features that require no configuration. Tor Browser offers the strongest protection for high-risk scenarios, while Firefox with uBloc"
data/comparisons/device-fingerprinting/best-device-fingerprinting-tools-compared.json,verdict.bestFor[0].product,Incognito Browser
data/comparisons/digital-footprint/best-digital-footprint-tools-compared.json,products[4].name,Incognito Browser
data/comparisons/digital-footprint/best-digital-footprint-tools-compared.json,verdict.summary,"The best digital footprint tool depends on your specific needs and budget. DeleteMe excels at comprehensive data broker removal, while Reputation.com offers enterprise-level reputation management. Privacy Bee provides affordable automation,"
data/comparisons/digital-footprint/best-digital-footprint-tools-compared.json,verdict.bestFor[4].product,Incognito Browser
data/comparisons/digital-footprint/best-digital-footprint-tools-compared.json,pro_tips[1],Combine data removal services with preventative tools like Incognito Browser to both clean up existing footprints and prevent new ones from forming.
data/comparisons/digital-footprint/best-digital-footprint-tools-compared.json,faqs[1].answer,"Yes, you can manually opt out of data brokers and clean up social media profiles yourself. However, this is time-consuming and requires ongoing maintenance. Free tools like BrandYourself's basic plan can help identify issues, while Incognit"
data/comparisons/drone-surveillance/best-drone-surveillance-tools-compared.json,pro_tips[3],Use Incognito Browser when researching drone laws in your area to avoid tracking by surveillance companies or data brokers.
data/comparisons/email-privacy/best-email-privacy-encryption-tools-compared.json,pro_tips[0],Use Incognito Browser when accessing your encrypted email from public computers to prevent tracking and ensure your login session doesn't get saved or cached.
data/comparisons/encrypted-messaging/best-encrypted-messaging-tools-compared.json,pro_tips[0],Use Incognito Browser when accessing messaging app web versions to prevent tracking cookies and maintain additional privacy layers.
data/comparisons/facial-recognition/best-facial-recognition-biometric-privacy-tools-compared.json,products[0].name,Incognito Browser
data/comparisons/facial-recognition/best-facial-recognition-biometric-privacy-tools-compared.json,verdict.summary,"For comprehensive biometric privacy protection, combine digital tools like Incognito Browser with physical protection like privacy glasses. Start with free options like Incognito Browser and Signal, then add DeleteMe if you need professiona"
data/comparisons/facial-recognition/best-facial-recognition-biometric-privacy-tools-compared.json,verdict.bestFor[0].product,Incognito Browser
data/comparisons/facial-recognition/best-facial-recognition-biometric-privacy-tools-compared.json,pro_tips[0],Layer your protection by using both digital tools like Incognito Browser and physical protection like privacy glasses for maximum effectiveness.
data/comparisons/facial-recognition/best-facial-recognition-biometric-privacy-tools-compared.json,faqs[1].answer,"Clearview AI scrapes photos from social media platforms, websites, and public databases. Using privacy browsers like Incognito Browser and limiting photo sharing on social media can reduce your exposure."
data/comparisons/gaming-privacy/best-gaming-vr-privacy-tools-compared.json,products[1].name,Incognito Browser
data/comparisons/gaming-privacy/best-gaming-vr-privacy-tools-compared.json,verdict.summary,"For comprehensive gaming privacy, NordVPN offers the best balance of speed and protection, while Mullvad VPN excels for maximum anonymity. Incognito Browser is essential for private gaming research and forum browsing. Competitive gamers sho"
data/comparisons/gaming-privacy/best-gaming-vr-privacy-tools-compared.json,verdict.bestFor[4].product,Incognito Browser
data/comparisons/gaming-privacy/best-gaming-vr-privacy-tools-compared.json,pro_tips[1],"Use Incognito Browser when researching games, reading forums, or accessing gaming marketplaces to prevent tracking."
data/comparisons/gdpr/best-gdpr-compliance-tools-compared.json,pro_tips[1],Consider using Incognito Browser to test how your cookie consent banners appear to first-time visitors without existing preferences.
data/comparisons/healthcare-privacy/best-healthcare-medical-privacy-tools-compared.json,products[0].name,Incognito Browser
data/comparisons/healthcare-privacy/best-healthcare-medical-privacy-tools-compared.json,verdict.summary,"For comprehensive healthcare privacy, use Incognito Browser for secure web browsing and telehealth, Signal for encrypted messaging with healthcare providers, and ExpressVPN for additional connection security. ProtonMail adds encrypted email"
data/comparisons/healthcare-privacy/best-healthcare-medical-privacy-tools-compared.json,verdict.bestFor[0].product,Incognito Browser
data/comparisons/healthcare-privacy/best-healthcare-medical-privacy-tools-compared.json,pro_tips[0],Always use Incognito Browser when researching health conditions online to prevent building a medical profile that could affect insurance or employment.
data/comparisons/healthcare-privacy/best-healthcare-medical-privacy-tools-compared.json,faqs[1].answer,"Yes, but check with your healthcare provider first. While tools like Signal offer better security than standard platforms, many providers are required to use specific HIPAA-compliant telehealth platforms. You can still use Incognito Browser"
data/comparisons/healthcare-privacy/best-healthcare-medical-privacy-tools-compared.json,faqs[2].answer,"Avoid apps that share data with third parties. Use privacy-focused options or track offline. If using any period tracking app, always use Incognito Browser to prevent cross-site tracking and consider a VPN to hide your location data from th"
data/comparisons/incognito-mode/best-incognito-mode-tools-compared.json,keywords[2],incognito browser
data/comparisons/incognito-mode/best-incognito-mode-tools-compared.json,products[4].name,Incognito Browser
data/comparisons/incognito-mode/best-incognito-mode-tools-compared.json,verdict.summary,"For most users, Safari Private Browsing offers the best balance of privacy and usability, while Firefox Private Browsing provides excellent protection across all platforms. Chrome Incognito is convenient but offers minimal privacy benefits."
data/comparisons/incognito-mode/best-incognito-mode-tools-compared.json,verdict.bestFor[2].product,Incognito Browser
data/comparisons/incognito-mode/best-incognito-mode-tools-compared.json,pro_tips[3],"Use Incognito Browser for sensitive browsing sessions as it's specifically designed for privacy, unlike general browsers with privacy modes."
data/comparisons/incognito-mode/best-incognito-mode-tools-compared.json,faqs[1].answer,"Safari Private Browsing offers the strongest built-in privacy protection, followed by Firefox Private Browsing. For dedicated privacy, consider using Incognito Browser or Tor Browser instead of standard browser incognito modes."
data/comparisons/international-privacy/best-international-privacy-laws-tools-compared.json,pro_tips[0],Start with a privacy audit to understand which jurisdictions apply to your business before selecting compliance tools - use Incognito Browser to research regulations privately without tracking.
data/comparisons/isp-tracking/best-isp-tracking-dns-privacy-tools-compared.json,products[2].name,Incognito Browser
data/comparisons/isp-tracking/best-isp-tracking-dns-privacy-tools-compared.json,verdict.summary,"For complete ISP privacy protection, VPNs like NordVPN and ExpressVPN offer the most comprehensive solution. For DNS-only protection, Cloudflare provides the best free option with excellent speed. Incognito Browser is perfect for users who "
data/comparisons/isp-tracking/best-isp-tracking-dns-privacy-tools-compared.json,verdict.bestFor[2].product,Incognito Browser
data/comparisons/isp-tracking/best-isp-tracking-dns-privacy-tools-compared.json,pro_tips[3],Use Incognito Browser for sensitive browsing as it includes built-in DNS protection without VPN costs
data/comparisons/isp-tracking/best-isp-tracking-dns-privacy-tools-compared.json,faqs[4].answer,"Yes, combining tools often increases protection. For example, use Incognito Browser for daily browsing and activate a VPN for sensitive activities. Just ensure your DNS settings don't conflict between services."
data/comparisons/journalist-privacy/best-journalist-whistleblower-privacy-tools-compared.json,products[4].name,Incognito Browser
data/comparisons/journalist-privacy/best-journalist-whistleblower-privacy-tools-compared.json,verdict.summary,"For maximum security, SecureDrop remains the gold standard for whistleblower submissions, while Signal offers the best balance of security and usability for ongoing journalist-source communication. Tor Browser is essential for anonymous res"
data/comparisons/journalist-privacy/best-journalist-whistleblower-privacy-tools-compared.json,verdict.bestFor[4].product,Incognito Browser
data/comparisons/location-tracking/best-location-tracking-gps-privacy-tools-compared.json,products[4].name,Incognito Browser
data/comparisons/location-tracking/best-location-tracking-gps-privacy-tools-compared.json,verdict.summary,"The best location privacy solution depends on your specific needs and threat model. For comprehensive digital privacy, NordVPN combined with Incognito Browser provides excellent web and app protection. Those needing GPS spoofing should choo"
data/comparisons/location-tracking/best-location-tracking-gps-privacy-tools-compared.json,verdict.bestFor[0].product,Incognito Browser
data/comparisons/malware-protection/best-malware-browser-security-tools-compared.json,products[3].name,Incognito Browser
data/comparisons/malware-protection/best-malware-browser-security-tools-compared.json,verdict.summary,"Malwarebytes leads for pure malware removal and system cleanup, while Bitdefender offers the most comprehensive protection suite. Norton 360 provides excellent all-around security with identity protection, and Incognito Browser delivers pri"
data/comparisons/malware-protection/best-malware-browser-security-tools-compared.json,verdict.bestFor[2].product,Incognito Browser
data/comparisons/malware-protection/best-malware-browser-security-tools-compared.json,pro_tips[2],Use a dedicated browser like Incognito Browser for sensitive activities to minimize tracking and malware exposure
data/comparisons/online-banking/best-online-banking-security-tools-compared.json,products[3].name,Incognito Browser
data/comparisons/online-banking/best-online-banking-security-tools-compared.json,verdict.summary,"For comprehensive online banking security, a layered approach works best. NordVPN provides essential connection security, 1Password manages credentials safely, YubiKey offers the strongest authentication, and Incognito Browser ensures priva"
data/comparisons/online-banking/best-online-banking-security-tools-compared.json,verdict.bestFor[3].product,Incognito Browser
data/comparisons/online-shopping/best-online-shopping-privacy-tools-compared.json,products[0].name,Incognito Browser
data/comparisons/online-shopping/best-online-shopping-privacy-tools-compared.json,verdict.summary,"For comprehensive online shopping privacy, Incognito Browser offers the best combination of tracker blocking, price manipulation protection, and shopping features. Privacy Badger excels at blocking trackers but lacks shopping-specific tools"
data/comparisons/online-shopping/best-online-shopping-privacy-tools-compared.json,verdict.bestFor[0].product,Incognito Browser
data/comparisons/password-security/best-password-security-management-tools-compared.json,pro_tips[4],Pair your password manager with Incognito Browser for maximum privacy - the combination prevents both credential theft and tracking across your browsing sessions.
data/comparisons/phishing/best-phishing-social-engineering-tools-compared.json,products[4].name,Incognito Browser
data/comparisons/phishing/best-phishing-social-engineering-tools-compared.json,verdict.summary,"For comprehensive enterprise protection, Proofpoint leads with advanced AI detection and threat intelligence. KnowBe4 excels in user training and awareness. Microsoft Defender offers the best value for Office 365 users, while Mimecast provi"
data/comparisons/phishing/best-phishing-social-engineering-tools-compared.json,verdict.bestFor[3].product,Incognito Browser
data/comparisons/phishing/best-phishing-social-engineering-tools-compared.json,pro_tips[3],Use Incognito Browser for sensitive online activities as it blocks tracking scripts commonly used in phishing campaigns.
data/comparisons/phishing/best-phishing-social-engineering-tools-compared.json,faqs[1].answer,Traditional antivirus software provides limited phishing protection. Dedicated email security tools and browsers with built-in phishing protection like Incognito Browser are more effective at detecting and blocking phishing attempts.
data/comparisons/privacy-policies/best-privacy-policies-terms-of-service-tools-compared.json,verdict.summary,"For most users, ToS;DR offers the best balance of accuracy and simplicity with its crowd-sourced analysis and clear grading system. Privacy-conscious users should also use Incognito Browser to prevent tracking while researching policies. Pr"
data/comparisons/privacy-policies/best-privacy-policies-terms-of-service-tools-compared.json,pro_tips[3],Use Incognito Browser when researching companies' privacy practices to prevent them from tracking your interest and potentially changing their messaging.
data/comparisons/private-search/best-private-search-engines-tools-compared.json,pro_tips[0],Use Incognito Browser with your private search engine for complete browsing privacy - it blocks trackers and doesn't store history locally.
data/comparisons/public-wifi/best-wi-fi-security-public-wi-fi-tools-compared.json,products[3].name,Incognito Browser
data/comparisons/public-wifi/best-wi-fi-security-public-wi-fi-tools-compared.json,verdict.summary,"For comprehensive public Wi-Fi security, NordVPN offers the best overall protection with automatic connection, strong encryption, and malware blocking. Budget-conscious users should consider Surfshark for unlimited device coverage, while te"
data/comparisons/public-wifi/best-wi-fi-security-public-wi-fi-tools-compared.json,verdict.bestFor[3].product,Incognito Browser
data/comparisons/right-to-forget/best-right-to-be-forgotten-tools-compared.json,products[2].name,Incognito Browser
data/comparisons/right-to-forget/best-right-to-be-forgotten-tools-compared.json,verdict.summary,"DeleteMe leads for comprehensive data broker removal with excellent ongoing monitoring, while Kanary offers the best value for money. Incognito Browser provides essential prevention tools for free, making it a must-have complement to any re"
data/comparisons/right-to-forget/best-right-to-be-forgotten-tools-compared.json,verdict.bestFor[2].product,Incognito Browser
data/comparisons/right-to-forget/best-right-to-be-forgotten-tools-compared.json,pro_tips[0],Start with free tools like Incognito Browser to prevent future data collection while using paid services to clean up existing information.
data/comparisons/search-history/best-search-history-privacy-tools-compared.json,products[0].name,Incognito Browser
data/comparisons/search-history/best-search-history-privacy-tools-compared.json,verdict.summary,"For complete search privacy, Incognito Browser offers the best all-around solution with automatic history deletion and built-in protection. DuckDuckGo is perfect for those wanting a simple private search engine, while Google Activity Contro"
data/comparisons/search-history/best-search-history-privacy-tools-compared.json,verdict.bestFor[0].product,Incognito Browser
data/comparisons/search-history/best-search-history-privacy-tools-compared.json,pro_tips[1],Use Incognito Browser for sensitive searches and DuckDuckGo as your default search engine for daily queries
data/comparisons/search-history/best-search-history-privacy-tools-compared.json,faqs[2].answer,"In your Google account, go to 'Sync and Google services' and turn off sync for 'History.' For complete protection, use Incognito Browser or private browsing modes that don't sync data between devices."
data/comparisons/search-history/best-search-history-privacy-tools-compared.json,faqs[4].answer,"Incognito mode only prevents your browser from storing history locally - search engines can still track you. Private search engines like DuckDuckGo don't track you regardless of browsing mode. For maximum privacy, combine both: use Incognit"
data/comparisons/smart-home-privacy/best-smart-home-iot-privacy-tools-compared.json,pro_tips[1],Use Incognito Browser when configuring smart home devices to prevent tracking cookies from following your setup activities.
data/comparisons/social-media-privacy/best-social-media-privacy-tools-compared.json,products[0].name,Incognito Browser
data/comparisons/social-media-privacy/best-social-media-privacy-tools-compared.json,verdict.summary,"Incognito Browser offers the most comprehensive social media privacy protection with platform-specific guidance and real-time alerts. Privacy Badger provides excellent free automatic protection, while DuckDuckGo Browser excels for mobile us"
data/comparisons/social-media-privacy/best-social-media-privacy-tools-compared.json,verdict.bestFor[0].product,Incognito Browser
data/comparisons/social-media-privacy/best-social-media-privacy-tools-compared.json,faqs[0].answer,"Many effective privacy tools are free, including Privacy Badger and DuckDuckGo Browser. However, premium tools like Incognito Browser offer additional features like platform-specific guides and advanced threat protection that can be worth t"
data/comparisons/social-media-privacy/best-social-media-privacy-tools-compared.json,faqs[3].answer,"Browser-based tools protect web browsing but not mobile apps. For comprehensive protection, use privacy-focused browsers, adjust in-app privacy settings, and consider tools like Incognito Browser that provide guidance for app-specific priva"
data/comparisons/student-privacy/best-student-privacy-campus-surveillance-tools-compared.json,products[0].name,Incognito Browser
data/comparisons/student-privacy/best-student-privacy-campus-surveillance-tools-compared.json,verdict.summary,"For most students, Incognito Browser offers the best balance of privacy protection and compatibility with academic requirements. DuckDuckGo should be every student's default search engine, while Signal provides secure communication. ProtonV"
data/comparisons/student-privacy/best-student-privacy-campus-surveillance-tools-compared.json,verdict.bestFor[0].product,Incognito Browser
data/comparisons/student-privacy/best-student-privacy-campus-surveillance-tools-compared.json,pro_tips[0],Always read your school's acceptable use policy before installing privacy tools - some institutions prohibit VPNs but allow privacy browsers like Incognito Browser.
data/comparisons/student-privacy/best-student-privacy-campus-surveillance-tools-compared.json,faqs[0].answer,"Most proctoring software blocks VPN usage and may flag it as suspicious activity. Check your exam guidelines and consider using privacy browsers like Incognito Browser instead, which often work with proctoring systems."
data/comparisons/student-privacy/best-student-privacy-campus-surveillance-tools-compared.json,faqs[3].answer,"Use privacy-focused browsers like Incognito Browser, avoid logging into personal accounts, and understand that school IT may monitor device usage. Keep personal activities on your own devices."
data/comparisons/tor-privacy/best-tor-dark-web-privacy-tools-compared.json,products[2].name,Incognito Browser
data/comparisons/tor-privacy/best-tor-dark-web-privacy-tools-compared.json,verdict.summary,"For most users, the Official Tor Browser provides the best balance of security, simplicity, and community trust. Tails OS offers maximum security for high-risk situations, while Incognito Browser excels in user-friendliness. Whonix provides"
data/comparisons/tor-privacy/best-tor-dark-web-privacy-tools-compared.json,verdict.bestFor[2].product,Incognito Browser
data/comparisons/us-state-privacy/best-us-state-privacy-laws-tools-compared.json,pro_tips[1],Consider using Incognito Browser when researching competitor privacy practices to avoid tracking and maintain objectivity
data/comparisons/vpn-privacy/best-vpn-proxy-tools-compared.json,pro_tips[1],Use Incognito Browser alongside your VPN for an extra layer of privacy protection against tracking.
data/comparisons/vpn-privacy/best-vpn-proxy-tools-compared.json,faqs[1].answer,"Most free VPNs pose significant risks including data logging, malware injection, and selling your information to advertisers. It's better to use a reputable paid service or a privacy-focused browser like Incognito Browser for basic protecti"
data/comparisons/webcam-privacy/best-webcam-microphone-privacy-tools-compared.json,products[2].name,Incognito Browser
data/comparisons/webcam-privacy/best-webcam-microphone-privacy-tools-compared.json,verdict.summary,"For comprehensive webcam and microphone privacy, combine physical barriers with software monitoring. CloudCover provides excellent physical protection at low cost, while Micro Snitch offers superior activity monitoring. Incognito Browser ex"
data/comparisons/webcam-privacy/best-webcam-microphone-privacy-tools-compared.json,verdict.bestFor[2].product,Incognito Browser
data/comparisons/webcam-privacy/best-webcam-microphone-privacy-tools-compared.json,pro_tips[3],Use Incognito Browser for video calls and web conferencing to ensure granular control over camera and microphone permissions.
data/comparisons/workplace-privacy/best-workplace-surveillance-employee-privacy-tools-compared.json,products[1].name,Incognito Browser
data/comparisons/workplace-privacy/best-workplace-surveillance-employee-privacy-tools-compared.json,verdict.summary,"For comprehensive workplace privacy protection, a layered approach works best. Incognito Browser offers the best balance of privacy features and workplace compatibility, while NordVPN provides maximum protection for those who can use VPNs. "
data/comparisons/workplace-privacy/best-workplace-surveillance-employee-privacy-tools-compared.json,verdict.bestFor[0].product,NordVPN + Incognito Browser
data/comparisons/workplace-privacy/best-workplace-surveillance-employee-privacy-tools-compared.json,verdict.bestFor[1].product,Incognito Browser
data/comparisons/workplace-privacy/best-workplace-surveillance-employee-privacy-tools-compared.json,pro_tips[1],Use Incognito Browser for personal browsing during breaks to prevent your activity from being logged by workplace monitoring software.
data/comparisons/workplace-privacy/best-workplace-surveillance-employee-privacy-tools-compared.json,faqs[0].answer,"Standard incognito mode only prevents local storage of browsing history. Your employer can still see your activity through network monitoring, firewall logs, and workplace surveillance software. For better protection, use a privacy-focused "
data/comparisons/workplace-privacy/best-workplace-surveillance-employee-privacy-tools-compared.json,faqs[3].answer,"Privacy-focused browsers like Incognito Browser are designed from the ground up to block tracking scripts, prevent data collection, and protect user privacy. Regular browsers often collect data and allow tracking by default, requiring manua"
data/templates/ad-tracking/ad-tracking-targeted-advertising-policy-template.json,sections[5].content,"You can control targeted advertising through: (1) Browser settings to block or delete cookies, (2) Industry opt-out tools like NAI Consumer Opt-Out or DAA WebChoices, (3) Platform-specific controls (Google Ad Settings, Facebook Ad Preferenc"
data/templates/ad-tracking/ad-tracking-targeted-advertising-policy-template.json,relatedLinks[2].title,Incognito Browser - Block Ad Tracking
data/templates/ad-tracking/ad-tracking-targeted-advertising-request-letter-template.json,relatedLinks[0].title,Incognito Browser - Block Ad Tracking
data/templates/ai-privacy/ai-machine-learning-privacy-policy-template.json,sections[3].content,We implement robust security measures to protect your data throughout the AI lifecycle. **Technical Safeguards:** - End-to-end encryption for data in transit and at rest - Secure cloud infrastructure with regular security audits - Access c
data/templates/ai-privacy/ai-machine-learning-privacy-request-letter-template.json,relatedLinks[2].title,Incognito Browser - Privacy-First Browsing
data/templates/browser-extensions/browser-extensions-privacy-add-ons-policy-template.json,sections[3].content,Our extension may interact with the following third-party services: {{THIRD_PARTY_SERVICES}} Filter Lists and Blocklists: We utilize community-maintained filter lists such as {{FILTER_LISTS}} to enhance protection. These lists are updated
data/templates/browser-extensions/browser-extensions-privacy-add-ons-request-letter-template.json,sections[4].content,**Proposed Implementation:** • Extensions will only be installed from official sources • Regular updates will be maintained according to IT policies • I will comply with all monitoring and audit requirements • Periodic security reviews can 
data/templates/browser-privacy/browser-privacy-policy-template.json,sections[2].content,"We may collect device fingerprinting data for security and fraud prevention purposes, including: • Browser configuration and installed plugins • Font and language settings • Time zone and screen specifications • Hardware characteristics T"
data/templates/browser-privacy/browser-privacy-policy-template.json,sections[4].content,You have the following rights regarding your browser data: • **Right to Access**: Request a copy of data we've collected • **Right to Delete**: Request deletion of your personal data • **Right to Correct**: Update inaccurate information • 
data/templates/browser-privacy/browser-privacy-policy-template.json,relatedLinks[3].title,Incognito Browser - Privacy Protection
data/templates/browser-privacy/browser-privacy-request-letter-template.json,relatedLinks[2].title,Incognito Browser - Enhanced Privacy
data/templates/ccpa/ccpa-california-privacy-policy-template.json,sections[1].content,"We may collect the following categories of personal information from California residents: • Identifiers (name, email, phone number, IP address) • Commercial information (purchase history, preferences) • Internet activity (browsing behavio"
data/templates/ccpa/ccpa-california-privacy-policy-template.json,sections[6].content,"We retain personal information for as long as necessary to fulfill the purposes outlined in this policy, comply with legal obligations, and resolve disputes. We implement appropriate security measures to protect your information, including:"
data/templates/ccpa/ccpa-california-privacy-request-letter-template.json,relatedLinks[1].title,Incognito Browser - Protect Your Privacy
data/templates/children-safety/children-s-online-safety-policy-template.json,sections[3].content,"To ensure children's safety online, {{ORGANIZATION_NAME}} implements: **Content Filtering:** - Automated filtering of inappropriate content - Regular review and updating of blocked content categories - Use of safe browsing tools like Incog"
data/templates/children-safety/children-s-online-safety-request-letter-template.json,sections[2].content,"I respectfully request the following online safety measures be implemented: • Content Filtering: Ensure all internet access includes age-appropriate content filtering to block inappropriate websites, violent content, and adult material • S"
data/templates/cloud-privacy/cloud-storage-privacy-policy-template.json,relatedLinks[2].title,Incognito Browser for Private Cloud Access
data/templates/cloud-privacy/cloud-storage-privacy-request-letter-template.json,relatedLinks[3].title,Incognito Browser - Enhanced Privacy Browsing
data/templates/cookie-management/cookie-management-tracking-prevention-policy-template.json,sections[3].content,You have several options to manage cookies: **Browser Settings**: Most browsers allow you to block or delete cookies through their settings menu. Visit your browser's help section for specific instructions. **Cookie Preference Center**: Us
data/templates/cookie-management/cookie-management-tracking-prevention-policy-template.json,relatedLinks[2].title,Incognito Browser - Privacy-First Browsing
data/templates/cookie-management/cookie-management-tracking-prevention-request-letter-template.json,sections[6].content,"Thank you for respecting my privacy choices. I look forward to continuing to use your website with these privacy protections in place. For enhanced privacy protection, I also use Incognito Browser to prevent tracking across all websites I v"
data/templates/cookie-management/cookie-management-tracking-prevention-request-letter-template.json,relatedLinks[2].title,Download Incognito Browser for Better Privacy
data/templates/crypto-privacy/cryptocurrency-blockchain-privacy-policy-template.json,sections[1].content,{{companyName}} uses collected information for the following purposes: • **Service Provision**: Operating our {{services}} and processing cryptocurrency transactions • **Security & Fraud Prevention**: Monitoring for suspicious activity and
data/templates/crypto-privacy/cryptocurrency-blockchain-privacy-policy-template.json,sections[4].content,{{companyName}} implements industry-leading security measures to protect your information: **Technical Safeguards**: • End-to-end encryption for sensitive data transmission • Advanced cryptographic protocols and secure key management • Mul
data/templates/crypto-privacy/cryptocurrency-blockchain-privacy-request-letter-template.json,relatedLinks[2].title,Incognito Browser - Browse Crypto Sites Privately
data/templates/data-breach/data-breach-response-policy-template.json,sections[5].content,Provide affected individuals with resources to protect themselves: **Immediate Protection Recommendations:** 1. Change passwords for all online accounts 2. Use a secure browser like Incognito Browser for sensitive activities 3. Monitor ban
data/templates/data-brokers/data-brokers-data-collection-policy-template.json,sections[4].content,"All personal data obtained from brokers is protected using industry-standard security measures including encryption, access controls, and regular security audits. Only authorized personnel with legitimate business needs can access broker-so"
data/templates/dating-privacy/dating-app-privacy-policy-template.json,relatedLinks[0].title,Incognito Browser for Private Dating
data/templates/dating-privacy/dating-app-privacy-request-letter-template.json,relatedLinks[2].title,Incognito Browser for Private Dating
data/templates/device-fingerprinting/device-fingerprinting-policy-template.json,sections[4].content,"You have the right to {{USER_RIGHTS}}. To limit device fingerprinting, you may use privacy-focused browsers like Incognito Browser, disable JavaScript, use browser extensions that block fingerprinting, or contact us to request deletion of y"
data/templates/device-fingerprinting/device-fingerprinting-policy-template.json,relatedLinks[2].title,Incognito Browser - Anti-Fingerprinting Protection
data/templates/device-fingerprinting/device-fingerprinting-request-letter-template.json,relatedLinks[2].title,Incognito Browser - Anti-Fingerprinting Protection
data/templates/digital-footprint/digital-footprint-policy-template.json,sections[1].content,All social media activities must align with professional standards and privacy objectives. Public posts should be reviewed for long-term impact before publishing. Privacy settings must be regularly audited and updated. Personal opinions sho
data/templates/drone-surveillance/drone-surveillance-policy-template.json,sections[2].content,"Drone operations must minimize intrusion on individual privacy expectations. Camera systems shall not intentionally capture images of private residences, personal activities, or individuals in areas where privacy is reasonably expected. Whe"
data/templates/drone-surveillance/drone-surveillance-policy-template.json,relatedLinks[2].title,Incognito Browser - Privacy Protection Tool
data/templates/drone-surveillance/drone-surveillance-request-letter-template.json,relatedLinks[2].title,Incognito Browser - Protect Your Online Privacy
data/templates/email-privacy/email-privacy-encryption-policy-template.json,sections[3].content,"To prevent email tracking and surveillance, employees must disable automatic image loading in email clients. Email aliases should be used for external communications when possible. The use of Incognito Browser is recommended when accessing "
data/templates/email-privacy/email-privacy-encryption-request-letter-template.json,sections[3].content,"To address these concerns, I propose implementing the following measures: 1. **Encrypted Email Service**: Transition to a privacy-focused email provider such as ProtonMail or Tutanota that offers end-to-end encryption by default. 2. **Ema"
data/templates/email-privacy/email-privacy-encryption-request-letter-template.json,relatedLinks[2].title,Incognito Browser for Secure Email Access
data/templates/encrypted-messaging/encrypted-messaging-policy-template.json,sections[5].content,Encrypted messaging apps must only be installed on [APPROVED_DEVICES] that meet our device security requirements. Personal devices require [PERSONAL_DEVICE_REQUIREMENTS] before approval for business use. Lost or compromised devices must be 
data/templates/encrypted-messaging/encrypted-messaging-request-letter-template.json,sections[4].content,Adopting encrypted messaging would provide the following advantages: • **Enhanced Privacy**: Communications remain confidential and cannot be intercepted • **Compliance**: Helps meet data protection requirements and industry standards • **
data/templates/encrypted-messaging/encrypted-messaging-request-letter-template.json,relatedLinks[3].title,Incognito Browser for Private Browsing
data/templates/facial-recognition/facial-recognition-biometric-privacy-policy-template.json,relatedLinks[2].title,Incognito Browser for Enhanced Privacy
data/templates/facial-recognition/facial-recognition-biometric-privacy-request-letter-template.json,relatedLinks[0].title,Incognito Browser - Browse Without Tracking
data/templates/gaming-privacy/gaming-vr-privacy-request-letter-template.json,sections[6].content,Please provide a comprehensive response within 30 days as required by data protection laws. I expect: 1. A clear explanation in plain language (not technical jargon) 2. Specific details about data collection practices 3. Instructions for e
data/templates/gdpr/gdpr-compliance-policy-template.json,sections[2].content,"Under the GDPR, you have the following rights regarding your personal data: • Right of Access: Request copies of your personal data • Right to Rectification: Request correction of inaccurate data • Right to Erasure: Request deletion of you"
data/templates/gdpr/gdpr-compliance-request-letter-template.json,relatedLinks[3].title,Use Incognito Browser for Private Browsing
data/templates/healthcare-privacy/healthcare-medical-privacy-policy-template.json,sections[4].content,We implement comprehensive security measures to protect your health information: • Encryption: All data is encrypted both in transit and at rest using industry-standard protocols • Access Controls: Role-based access ensures only authorized
data/templates/healthcare-privacy/healthcare-medical-privacy-request-letter-template.json,sections[4].content,"To verify my identity, I am providing: ☐ Copy of government-issued photo ID ☐ Signed authorization form (if required) ☐ Additional verification: [SPECIFY] If additional verification is needed, please contact me at [PHONE NUMBER] or [EMAIL "
data/templates/healthcare-privacy/healthcare-medical-privacy-request-letter-template.json,relatedLinks[3].title,Incognito Browser for Health Privacy
data/templates/incognito-mode/incognito-mode-policy-template.json,sections[4].content,"{{ORGANIZATION_NAME}} reserves the right to monitor all internet activity on company networks and devices, including activity conducted in incognito mode. Network logs, firewall records, and DNS queries remain accessible to IT security team"
data/templates/incognito-mode/incognito-mode-request-letter-template.json,sections[4].content,I commit to: • Using incognito mode only for legitimate business purposes • Continuing to follow all company internet usage policies • Maintaining productivity and professional standards • Reporting any technical issues that may arise • Us
data/templates/incognito-mode/incognito-mode-request-letter-template.json,relatedLinks[2].title,Incognito Browser for Enhanced Privacy
data/templates/international-privacy/international-privacy-laws-policy-template.json,sections[5].content,**Data Retention:** We retain personal data only for as long as necessary to fulfill the purposes for which it was collected and in accordance with applicable legal requirements: • Account data: Retained while your account is active and fo
data/templates/international-privacy/international-privacy-laws-policy-template.json,sections[6].content,We use cookies and similar tracking technologies in compliance with applicable laws and consent requirements: **Types of Cookies:** • Essential cookies: Necessary for website functionality • Performance cookies: Help us understand website 
data/templates/international-privacy/international-privacy-laws-request-letter-template.json,sections[6].content,"I look forward to your prompt response to this request. Please acknowledge receipt of this letter and provide an estimated timeline for your response. For enhanced privacy protection, I recommend using Incognito Browser when handling sensi"
data/templates/isp-tracking/isp-tracking-dns-privacy-policy-template.json,sections[0].content,"{{COMPANY_NAME}} recognizes that Internet Service Providers (ISPs) may monitor and collect data about users' online activities, including websites visited, DNS queries, and connection metadata. We are committed to protecting our users from "
data/templates/isp-tracking/isp-tracking-dns-privacy-request-letter-template.json,relatedLinks[0].title,Incognito Browser - Private Browsing Protection
data/templates/journalist-privacy/journalist-whistleblower-privacy-policy-template.json,sections[0].content,We are committed to protecting the identity and safety of our sources. We collect information solely for journalistic purposes and employ the following practices: • Anonymous tip submissions through SecureDrop or encrypted channels • No lo
data/templates/journalist-privacy/journalist-whistleblower-privacy-policy-template.json,sections[1].content,"{{organization_name}} maintains strict security protocols for all communications: • All source communications use end-to-end encryption • Signal, Wire, or other verified encrypted messaging apps for ongoing communication • Tor browser and "
data/templates/journalist-privacy/journalist-whistleblower-privacy-request-letter-template.json,sections[4].content,I propose we establish the following secure communication protocols: • Primary Contact: Encrypted email using ProtonMail or similar service • Secondary Contact: Signal messaging for time-sensitive communications • Document Sharing: SecureD
data/templates/location-tracking/location-tracking-gps-privacy-policy-template.json,sections[4].content,You have several options to control location tracking: • Enable/disable location services in your device settings • Choose between precise and approximate location sharing • Turn off location history and data saving • Request deletion of s
data/templates/location-tracking/location-tracking-gps-privacy-request-letter-template.json,relatedLinks[2].title,Incognito Browser - Browse Without Location Tracking
data/templates/malware-protection/malware-browser-security-policy-template.json,sections[1].content,"All users must utilize approved browsers that meet security standards. Recommended browsers include Chrome, Firefox, Safari, and Incognito Browser for enhanced privacy protection. Browsers must be updated to the latest version within {{UPDA"
data/templates/malware-protection/malware-browser-security-policy-template.json,sections[3].content,"Users must exercise caution when browsing the internet and avoid visiting suspicious, unverified, or known malicious websites. Do not click on suspicious links in emails, social media, or unfamiliar websites. Verify the legitimacy of downlo"
data/templates/malware-protection/malware-browser-security-request-letter-template.json,sections[3].content,I respectfully request the following security assistance: 1. **Malware Scanning and Removal**: Comprehensive scan using professional-grade anti-malware tools to identify and remove persistent threats 2. **Browser Security Hardening**: Con
data/templates/online-banking/online-banking-security-policy-template.json,sections[1].content,"Banking activities are restricted to secure devices and networks as follows: • Only use personal, updated devices with current antivirus software and operating system patches • Prohibit online banking on public computers, shared devices, o"
data/templates/online-banking/online-banking-security-request-letter-template.json,sections[4].content,I would also appreciate information about: 1. Your bank's current security protocols and best practices 2. Recommended secure browsers or apps for online banking (I currently use privacy-focused browsers like Incognito Browser for sensitiv
data/templates/online-banking/online-banking-security-request-letter-template.json,relatedLinks[2].title,Incognito Browser for Secure Banking
data/templates/online-shopping/online-shopping-privacy-policy-template.json,sections[3].content,We use cookies and similar technologies to: • Remember your preferences and login status • Analyze website traffic and user behavior • Provide personalized product recommendations • Enable shopping cart functionality • Deliver targeted adv
data/templates/online-shopping/online-shopping-privacy-policy-template.json,relatedLinks[2].title,Incognito Browser - Private Shopping
data/templates/online-shopping/online-shopping-privacy-request-letter-template.json,relatedLinks[2].title,Incognito Browser for Secure Shopping
data/templates/password-security/password-security-management-policy-template.json,sections[4].content,"Passwords must never be written down in plain text, stored in unsecured documents, shared via email or messaging, or disclosed to unauthorized individuals. When password sharing is necessary for shared accounts, it must be done through appr"
data/templates/password-security/password-security-management-request-letter-template.json,sections[4].content,I suggest a phased rollout approach: Phase 1 (Weeks 1-2): Management and IT team adoption Phase 2 (Weeks 3-4): Department-by-department implementation Phase 3 (Weeks 5-6): Company-wide training and full deployment Employee training should
data/templates/phishing/phishing-social-engineering-policy-template.json,sections[2].content,"Employees must not click on suspicious links or download unexpected attachments. All emails requesting sensitive information, financial transactions, or system access must be verified through official company channels. Use secure browsers l"
data/templates/phishing/phishing-social-engineering-request-letter-template.json,sections[3].content,I respectfully request implementation of the following security measures: 1. **Advanced Email Security**: Deploy AI-powered email filtering with behavioral analysis capabilities 2. **Multi-Factor Authentication**: Mandatory MFA for all ema
data/templates/privacy-policies/privacy-policies-terms-of-service-policy-template.json,sections[0].content,"We collect information you provide directly to us, such as when you create an account, make a purchase, or contact us. This may include: • Personal identifiers (name, email, phone number) • Payment information (processed securely by third-"
data/templates/privacy-policies/privacy-policies-terms-of-service-request-letter-template.json,sections[5].content,"I would appreciate a response within 30 days of receiving this letter. If you have already made improvements to your privacy policy or terms of service readability, please direct me to these updated resources. For my privacy protection, I "
data/templates/private-search/private-search-engines-policy-template.json,sections[1].content,The following private search engines are approved for use within our organization: • **DuckDuckGo** - Primary recommended search engine that doesn't track users or personalize results • **Startpage** - Google results without tracking or da
data/templates/private-search/private-search-engines-policy-template.json,sections[3].content,All users must follow these guidelines when conducting searches: • Use only approved private search engines for work-related searches • Avoid logging into search engines with personal or company accounts • Use Incognito Browser or private 
data/templates/private-search/private-search-engines-policy-template.json,relatedLinks[2].title,Incognito Browser Download
data/templates/private-search/private-search-engines-request-letter-template.json,sections[3].content,I recommend implementing the following private search engines: • **DuckDuckGo** - The most popular private search engine with no tracking and instant answers • **Startpage** - Provides Google results without the tracking or personal data c
data/templates/public-wifi/wi-fi-security-public-wi-fi-policy-template.json,sections[1].content,"When connecting to public Wi-Fi networks in hotels, cafes, airports, or other public venues, users must: 1) Verify network authenticity with venue staff before connecting, 2) Use a reputable VPN service for all internet traffic, 3) Avoid ac"
data/templates/public-wifi/wi-fi-security-public-wi-fi-request-letter-template.json,sections[3].content,"To better protect your customers and maintain their trust, I respectfully suggest implementing the following security measures: 1. **WPA3 Encryption**: Upgrade to the latest Wi-Fi security protocol to encrypt all network traffic. 2. **Gues"
data/templates/right-to-forget/right-to-be-forgotten-policy-template.json,sections[2].content,"Individuals may submit Right to Be Forgotten requests by: (1) Email to [PRIVACY_EMAIL], (2) Written request to [COMPANY_ADDRESS], or (3) Through our online form at [WEBSITE_URL]. Requests must include sufficient information to verify identi"
data/templates/right-to-forget/right-to-be-forgotten-request-letter-template.json,sections[6].content,"Please send your response to: Email: [YOUR_CONTACT_EMAIL] Mailing Address: [YOUR_ADDRESS] If I do not receive a satisfactory response within the required timeframe, I reserve the right to lodge a complaint with the relevant supervisory au"
data/templates/search-history/search-history-privacy-policy-template.json,sections[2].content,We automatically delete your search history according to the following schedule: • **Default Retention**: Search history is kept for {{RETENTION_PERIOD}} months • **Auto-Delete Options**: You can set your search history to auto-delete afte
data/templates/search-history/search-history-privacy-policy-template.json,relatedLinks[1].title,Incognito Browser - Private Search Tool
data/templates/search-history/search-history-privacy-request-letter-template.json,relatedLinks[1].title,Incognito Browser - Private Search Tool
data/templates/smart-home-privacy/smart-home-iot-privacy-policy-template.json,sections[5].content,We implement comprehensive security measures to protect your data: • Encryption: All data is encrypted in transit using TLS 1.3 and at rest using AES-256 encryption. • Network Security: Devices use secure protocols and regular security up
data/templates/smart-home-privacy/smart-home-iot-privacy-request-letter-template.json,relatedLinks[0].title,Incognito Browser for Private Smart Home Management
data/templates/social-media-privacy/social-media-privacy-policy-template.json,sections[1].content,We use information collected from social media platforms to: • Respond to your inquiries and comments • Improve our social media content and engagement • Understand our audience demographics and preferences • Comply with platform terms of 
data/templates/social-media-privacy/social-media-privacy-policy-template.json,sections[6].content,This social media privacy policy may be updated periodically to reflect changes in our practices or applicable laws. We will notify you of significant changes by: • Posting updates on our social media accounts • Sending direct messages to 
data/templates/social-media-privacy/social-media-privacy-policy-template.json,relatedLinks[3].title,Download Incognito Browser
data/templates/social-media-privacy/social-media-privacy-request-letter-template.json,relatedLinks[0].title,Incognito Browser - Private Social Media Browsing
data/templates/student-privacy/student-privacy-campus-surveillance-policy-template.json,sections[3].content,School-issued devices may include monitoring software necessary for educational management and security. Students and parents will receive clear disclosure about monitoring capabilities and limitations. Personal devices connected to school 
data/templates/student-privacy/student-privacy-campus-surveillance-request-letter-template.json,sections[6].content,Thank you for your attention to this important matter. I look forward to your prompt response and to working together to ensure student privacy rights are protected at [School Name]. For additional privacy protection while researching thes
data/templates/student-privacy/student-privacy-campus-surveillance-request-letter-template.json,relatedLinks[3].title,Incognito Browser
data/templates/tor-privacy/tor-dark-web-privacy-policy-template.json,sections[1].content,"Our service utilizes the Tor network and onion routing protocols to provide enhanced privacy protection. When you access our services through Tor browser or .onion addresses, your traffic is encrypted and routed through multiple relay nodes"
data/templates/tor-privacy/tor-dark-web-privacy-request-letter-template.json,sections[3].content,"To effectively carry out my responsibilities, I require the following accommodations: 1. Permission to install and use Tor browser on work devices 2. Exemption from network monitoring for Tor traffic 3. Access to bridge nodes if direct Tor"
data/templates/us-state-privacy/us-state-privacy-laws-policy-template.json,sections[1].content,"We may collect the following categories of personal information as defined by applicable state laws: • Identifiers (name, email, phone number, IP address) • Commercial information (purchase history, preferences) • Internet activity (browsi"
data/templates/us-state-privacy/us-state-privacy-laws-request-letter-template.json,relatedLinks[3].title,Incognito Browser - Enhanced Privacy Protection
data/templates/vpn-privacy/vpn-proxy-policy-template.json,sections[1].content,"Only approved VPN solutions may be used for accessing corporate resources. The following criteria must be met: enterprise-grade encryption (AES-256), verified no-log policies, company-vetted providers, and centralized management capabilitie"
data/templates/vpn-privacy/vpn-proxy-request-letter-template.json,sections[3].content,"I understand the importance of maintaining our company's security posture. To address potential concerns: • I will only use approved, enterprise-grade VPN services with verified no-log policies • All VPN usage will be documented and report"
data/templates/vpn-privacy/vpn-proxy-request-letter-template.json,relatedLinks[3].title,Incognito Browser for Workplace Privacy
data/templates/webcam-privacy/webcam-microphone-privacy-policy-template.json,sections[1].content,"Before accessing your webcam or microphone, we will: • Request explicit permission through your browser or device • Clearly explain the purpose of access • Provide visual indicators when devices are active • Allow you to deny or revoke per"
data/templates/workplace-privacy/workplace-surveillance-employee-privacy-policy-template.json,sections[3].content,Monitoring will not extend to personal activities conducted on personal devices using personal networks during break times. Employees may use privacy tools like Incognito Browser for personal browsing on personal devices. Personal communica
data/templates/workplace-privacy/workplace-surveillance-employee-privacy-policy-template.json,relatedLinks[0].title,Incognito Browser - Private Browsing Tool
data/templates/workplace-privacy/workplace-surveillance-employee-privacy-request-letter-template.json,relatedLinks[0].title,Incognito Browser - Private Browsing Protection
data/calculators/ad-tracking/ad-tracking-targeted-advertising-risk-calculator.json,inputs[5].helpText,"Do you use privacy browsers like Incognito Browser, Brave, or Firefox with strict settings?"
data/calculators/ad-tracking/ad-tracking-targeted-advertising-risk-calculator.json,educational.tips[1],Use privacy-focused browsers like Incognito Browser or configure mainstream browsers for maximum privacy
data/calculators/ai-privacy/ai-machine-learning-privacy-risk-calculator.json,educational.tips[2],Use Incognito Browser when accessing AI tools to limit tracking and data correlation
data/calculators/browser-extensions/browser-extensions-privacy-add-ons-risk-calculator.json,educational.tips[4],Consider using Incognito Browser for enhanced privacy alongside careful extension management
data/calculators/browser-privacy/browser-privacy-risk-calculator.json,inputs[0].options[5].label,Incognito Browser
data/calculators/browser-privacy/browser-privacy-risk-calculator.json,educational.tips[0],"Switch to privacy-focused browsers like Incognito Browser, Brave, or hardened Firefox for better default protection"
data/calculators/ccpa/ccpa-california-privacy-risk-calculator.json,educational.tips[0],Use Incognito Browser to research competitor privacy practices without leaving tracking data
data/calculators/children-safety/children-s-online-safety-risk-calculator.json,educational.tips[2],Consider using privacy-focused browsers like Incognito Browser for safer web browsing
data/calculators/cloud-privacy/cloud-storage-privacy-risk-calculator.json,formula,"const providerScores = { 'google-drive': 60, 'dropbox': 55, 'onedrive': 65, 'icloud': 70, 'proton-drive': 15, 'tresorit': 10, 'pcloud-crypto': 20, 'other': 80 }; const dataTypeScores = { 'personal': 10, 'business': 25, 'financial': 40, 'med"
data/calculators/cloud-privacy/cloud-storage-privacy-risk-calculator.json,educational.tips[4],Use Incognito Browser when accessing cloud storage to prevent tracking
data/calculators/cookie-management/cookie-management-tracking-prevention-risk-calculator.json,inputs[0].options[4].label,Incognito Browser
data/calculators/cookie-management/cookie-management-tracking-prevention-risk-calculator.json,educational.methodology,"This calculator evaluates your cookie and tracking risk based on browser choice, privacy settings, clearing habits, and browsing patterns. Browsers like Incognito Browser and Firefox offer better default privacy, while regular data clearing"
data/calculators/cookie-management/cookie-management-tracking-prevention-risk-calculator.json,educational.tips[0],Switch to privacy-focused browsers like Incognito Browser for better default protection
data/calculators/cookie-management/cookie-management-tracking-prevention-risk-calculator.json,relatedLinks[2].title,Download Incognito Browser
data/calculators/crypto-privacy/cryptocurrency-blockchain-privacy-risk-calculator.json,relatedLinks[2].title,Incognito Browser for Crypto
data/calculators/data-breach/data-breach-response-risk-calculator.json,educational.tips[3],Use Incognito Browser mode when checking accounts to avoid saving sensitive login information
data/calculators/data-brokers/data-brokers-data-collection-risk-calculator.json,educational.tips[1],Consider using Incognito Browser for sensitive searches to avoid creating new data trails
data/calculators/data-brokers/data-brokers-data-collection-risk-calculator.json,relatedLinks[2].title,Download Incognito Browser
data/calculators/dating-privacy/dating-app-privacy-risk-calculator.json,educational.tips[0],Use Incognito Browser when accessing dating apps on shared devices to prevent data tracking
data/calculators/device-fingerprinting/device-fingerprinting-risk-calculator.json,inputs[0].options[4].label,Incognito Browser
data/calculators/device-fingerprinting/device-fingerprinting-risk-calculator.json,educational.tips[0],Use privacy-focused browsers like Incognito Browser or Firefox with strict privacy settings
data/calculators/digital-footprint/digital-footprint-risk-calculator.json,inputs[5].helpText,Do you regularly use incognito mode or privacy-focused browsers like Incognito Browser
data/calculators/digital-footprint/digital-footprint-risk-calculator.json,educational.tips[1],Use privacy-focused browsers like Incognito Browser to reduce tracking and passive data collection
data/calculators/drone-surveillance/drone-surveillance-risk-calculator.json,educational.tips[3],Consider using Incognito Browser when researching drone detection tools to maintain your privacy online
data/calculators/email-privacy/email-privacy-encryption-risk-calculator.json,educational.tips[2],Use email tracking blockers or privacy-focused browsers like Incognito Browser to prevent pixel tracking
data/calculators/encrypted-messaging/encrypted-messaging-risk-calculator.json,educational.tips[3],Use Incognito Browser when accessing web versions of messaging apps for added privacy
data/calculators/facial-recognition/facial-recognition-biometric-privacy-risk-calculator.json,educational.tips[0],Use Incognito Browser to limit online tracking that builds biometric profiles
data/calculators/gaming-privacy/gaming-vr-privacy-risk-calculator.json,educational.tips[1],Use Incognito Browser when accessing gaming websites to prevent tracking
data/calculators/gdpr/gdpr-compliance-risk-calculator.json,educational.tips[1],Use privacy-focused tools like Incognito Browser to minimize unnecessary data collection and protect user privacy
data/calculators/healthcare-privacy/healthcare-medical-privacy-risk-calculator.json,educational.tips[1],Use Incognito Browser when researching sensitive health topics to avoid tracking
data/calculators/incognito-mode/incognito-mode-risk-calculator.json,inputs[0].options[4].label,Incognito Browser
data/calculators/incognito-mode/incognito-mode-risk-calculator.json,educational.tips[1],Use Incognito Browser for enhanced private browsing with built-in privacy features
data/calculators/incognito-mode/incognito-mode-risk-calculator.json,educational.tips[4],Consider using privacy-focused browsers like Incognito Browser for stronger default protections
data/calculators/incognito-mode/incognito-mode-risk-calculator.json,relatedLinks[0].title,Download Incognito Browser
data/calculators/international-privacy/international-privacy-laws-risk-calculator.json,educational.tips[0],Use Incognito Browser to research privacy requirements without leaving tracking data that could increase your risk profile
data/calculators/isp-tracking/isp-tracking-dns-privacy-risk-calculator.json,inputs[4].options[3].label,"Strict privacy browser (Tor, Incognito Browser)"
data/calculators/isp-tracking/isp-tracking-dns-privacy-risk-calculator.json,educational.tips[1],Use Incognito Browser or a reputable VPN service to encrypt all traffic and hide your browsing from ISP monitoring
data/calculators/isp-tracking/isp-tracking-dns-privacy-risk-calculator.json,relatedLinks[2].title,Download Incognito Browser
data/calculators/journalist-privacy/journalist-whistleblower-privacy-risk-calculator.json,inputs[5].options[3].label,Tor + VPN + secure browsers like Incognito Browser
data/calculators/journalist-privacy/journalist-whistleblower-privacy-risk-calculator.json,educational.tips[1],Consider using Incognito Browser or Tor for sensitive research and source contact
data/calculators/location-tracking/location-tracking-gps-privacy-risk-calculator.json,educational.tips[4],Consider using Incognito Browser to prevent location tracking during web browsing
data/calculators/malware-protection/malware-browser-security-risk-calculator.json,inputs[1].options[3].label,"Fully hardened browser (Incognito Browser, etc.)"
data/calculators/malware-protection/malware-browser-security-risk-calculator.json,educational.tips[0],Use a privacy-focused browser like Incognito Browser with built-in security features
data/calculators/online-banking/online-banking-security-risk-calculator.json,educational.tips[4],Use privacy-focused browsers like Incognito Browser to reduce tracking and malware risks
data/calculators/online-shopping/online-shopping-privacy-risk-calculator.json,inputs[1].options[0].label,Incognito Browser or similar privacy browser
data/calculators/online-shopping/online-shopping-privacy-risk-calculator.json,educational.tips[0],Use Incognito Browser or enable strict privacy settings to block shopping trackers automatically
data/calculators/online-shopping/online-shopping-privacy-risk-calculator.json,relatedLinks[0].title,Incognito Browser - Private Shopping Browser
data/calculators/password-security/password-security-management-risk-calculator.json,educational.tips[3],Use Incognito Browser for sensitive browsing to prevent password and session theft
data/calculators/phishing/phishing-social-engineering-risk-calculator.json,educational.tips[1],Use Incognito Browser or similar privacy-focused browsers to limit tracking and reduce targeted attacks
data/calculators/privacy-policies/privacy-policies-terms-of-service-risk-calculator.json,educational.tips[3],Use Incognito Browser to read policies without being tracked by the same company
data/calculators/private-search/private-search-engines-risk-calculator.json,inputs[5].helpText,Do you use an ad blocker or privacy-focused browser like Incognito Browser?
data/calculators/private-search/private-search-engines-risk-calculator.json,educational.tips[1],Use Incognito Browser which defaults to private search engines and blocks trackers
data/calculators/public-wifi/wi-fi-security-public-wi-fi-risk-calculator.json,educational.tips[3],Use Incognito Browser or private browsing modes to minimize data collection and tracking
data/calculators/right-to-forget/right-to-be-forgotten-risk-calculator.json,educational.tips[1],Use Incognito Browser when researching your digital footprint to avoid creating new tracking data
data/calculators/search-history/search-history-privacy-risk-calculator.json,educational.tips[1],Use Incognito Browser or private browsing mode for sensitive searches
data/calculators/search-history/search-history-privacy-risk-calculator.json,relatedLinks[3].title,Incognito Browser - Private Browsing
data/calculators/smart-home-privacy/smart-home-iot-privacy-risk-calculator.json,educational.tips[0],Use Incognito Browser when managing smart home settings to prevent tracking of your privacy configurations
data/calculators/social-media-privacy/social-media-privacy-risk-calculator.json,educational.tips[1],Use private browsing modes like Incognito Browser when accessing social media to limit tracking cookies and data collection
data/calculators/student-privacy/student-privacy-campus-surveillance-risk-calculator.json,educational.tips[0],Use Incognito Browser or privacy-focused browsers when possible to limit tracking
data/calculators/us-state-privacy/us-state-privacy-laws-risk-calculator.json,educational.tips[1],Use Incognito Browser to research state privacy law requirements privately without being tracked by legal research platforms
data/calculators/vpn-privacy/vpn-proxy-risk-calculator.json,educational.tips[4],Consider using Incognito Browser alongside your VPN for maximum privacy protection
data/calculators/webcam-privacy/webcam-microphone-privacy-risk-calculator.json,educational.tips[3],Consider using Incognito Browser for video calls to limit tracking and data collection
data/calculators/workplace-privacy/workplace-surveillance-employee-privacy-risk-calculator.json,educational.tips[0],Use Incognito Browser for personal browsing on work devices to minimize tracking
